-- phpMyAdmin SQL Dump
-- version 4.9.5deb2
-- https://www.phpmyadmin.net/
--
-- Servidor: localhost:3306
-- Tiempo de generación: 19-09-2023 a las 18:00:06
-- Versión del servidor: 10.3.38-MariaDB-0ubuntu0.20.04.1
-- Versión de PHP: 8.2.9

SET SQL_MODE = "NO_AUTO_VALUE_ON_ZERO";
SET AUTOCOMMIT = 0;
START TRANSACTION;
SET time_zone = "+00:00";


/*!40101 SET @OLD_CHARACTER_SET_CLIENT=@@CHARACTER_SET_CLIENT */;
/*!40101 SET @OLD_CHARACTER_SET_RESULTS=@@CHARACTER_SET_RESULTS */;
/*!40101 SET @OLD_COLLATION_CONNECTION=@@COLLATION_CONNECTION */;
/*!40101 SET NAMES utf8mb4 */;

--
-- Base de datos: `ciro`
--

-- --------------------------------------------------------

--
-- Estructura de tabla para la tabla `clientes`
--

CREATE TABLE `clientes` (
  `id_cliente` int(11) NOT NULL,
  `denominacion` varchar(150) NOT NULL,
  `direccion` varchar(150) NOT NULL,
  `localidad` varchar(100) NOT NULL,
  `cuit` varchar(20) NOT NULL,
  `tipo_iva` int(11) NOT NULL COMMENT '1 RI 3 CF  4 Mto 5 Exto   ',
  `cp` varchar(15) NOT NULL,
  `te` varchar(60) NOT NULL
) ENGINE=InnoDB DEFAULT CHARSET=utf8 COLLATE=utf8_bin;

--
-- Volcado de datos para la tabla `clientes`
--

INSERT INTO `clientes` (`id_cliente`, `denominacion`, `direccion`, `localidad`, `cuit`, `tipo_iva`, `cp`, `te`) VALUES
(1, 'Contado', 'Rojas', 'Rojas', '0', 3, '2705', '0'),
(2, 'AACCO', 'PARANA Nº 583 3B', 'CABA ( 1017 )', '30709428914', 5, '1017', '*'),
(3, 'AMERICA SERVICIOS', 'ALB J. PAZ 1065 BIS 2º P OFICINA 30 ', 'ROSARIO (2000 )', '30707668128', 1, '2000 ', '*'),
(4, 'AMSTERDAM SALUD SA', 'JUJUY Nº 136', 'CIUDAD DE CORDOBA ( 5000 )', '30708930098', 1, '5000', '0'),
(5, 'GALENO', 'DELLEPIANE ELV RAWSON 150', 'CABA ( 1017 )', '30522428163', 1, '1017', '0'),
(6, 'JERARQUICOS SALUD', 'AV FAC ZUVIRIA 458 ', 'SANTA FE\r\n', '30686955180', 5, '0', '0'),
(7, 'GERMED S.A.', 'GANDINI 128', 'JUNIN (  6000 )', '30707808418', 1, '6000', '0'),
(8, 'MOVIDENT', 'CERRITO 866 7º P', 'CABA', '30-68235675-4', 1, '0', '0'),
(10, 'COMEI', 'CALLE 68 Nº 1651', 'LA PLATA ( 1900 )', '30665692465', 1, '1900', '*'),
(11, 'Dorigo Silvio Otto', 'ROJAS', 'ROJAS', '0', 1, '2705', '0'),
(12, 'Mussante Marcela', 'Rojas', 'Rojas', '0', 3, '2705', '0'),
(13, 'Baldoma María Marta', 'Rojas', 'Rojas', '0', 3, '2705', '0'),
(14, 'Boggia Osvaldo Mauricio', 'Rojas', 'Rojas', '0', 3, '2705', '0'),
(15, 'Cichelo Morena', 'Rojas', 'Rojas', '0', 3, '2705', '0'),
(16, 'Corti Juan Diego', 'Rojas', 'Rojas', '0', 3, '2705', '0'),
(17, 'Delbaldo María Jose', 'Rojas', 'Rojas', '0', 3, '2705', '0'),
(18, 'Fernandez Norma Beatriz', 'Rojas', 'Rojas', '0', 3, '2705', '0'),
(19, 'Linera Laura Inés', 'Rojas', 'Rojas', '0', 3, '2705', '0'),
(20, 'Lopez Sergio Martín', 'Rojas', 'Rojas', '0', 3, '2705', '0'),
(21, 'Ginocchio Eliana Giselle', 'Rojas', 'Rojas', '0', 3, '2705', '0'),
(22, 'Mazzoni Nidia Fabiana', 'Rojas', 'Rojas', '0', 3, '2705', '0'),
(23, 'Pajón Paula Judith', 'Rojas', 'Rojas', '0', 3, '2705', '0'),
(24, 'Raposo Marío Enrique', 'Rojas', 'Rojas', '0', 3, '2705', '0'),
(25, 'Zini Alicia Beatriz', 'Rojas', 'Rojas ', '0', 3, '2705', '0'),
(26, 'Boggia Agustina', 'Rojas', 'Rojas ', '0', 3, '2705', '0'),
(27, 'AMFFA', 'DIAGONAL 75 Nº 350 ', 'LA PLATA (1900 )', '30571014803', 5, '1900', '0'),
(28, 'OSAM', 'ESTRADA 349', 'PERGAMINO ( 2700 ) ', '30711418195', 5, '2700', '0'),
(29, 'OSECAC', 'MITRE 272 ', 'ROJAS ( 2705 )  ', '30532288351', 1, '2705 ', '0'),
(30, 'OSETYA', 'BENITO QUINQUELA MARTIN 1738', 'CABA ( 1433 )', '33633681819', 5, '1433', '0'),
(32, 'OSPIP', 'AV PAVON 4175', 'CABA', '30571766287', 5, '0', '0'),
(33, 'OSPSA', 'BENITO DE MIGUEL 239', 'JUNIN ( 6000 )', '30679232106', 5, '6000', '0'),
(34, 'SANCOR', 'SAN MARTIN 248 ', 'SUNCHALES (2322) STA FE', '30590354798', 5, '2322', '0'),
(35, 'SWISS MEDICAL', 'ARENALES 1826', 'CABA', '30654855168', 1, '0', '0'),
(36, 'OSPTV', 'QUINTINO BOCAYUVA 50', 'CABA ( 1181 )', '30516748385', 5, '1181', '0'),
(37, 'FUNDACION LUIS BELTRAN(UOM)', 'MORENO 2437 ', 'CASILDA ( 2170 ) ', '30673954401', 5, '2170 ', '0'),
(38, 'ESCRIBANOS', 'AV 13 Nº 770 B', 'LA PLATA ( 1900 )', '30618001020', 1, '1900', '0'),
(39, 'FEDERADA SALUD', 'MORENO 1222', 'ROSARIO  ( 2000 ) ', '30541592608', 5, '2000', '0'),
(40, 'SOP S.R.L', '19 DE MAYO 14', 'BAHIA BLANCA ( 8000 )', '30681218285', 1, '8000', '0'),
(41, 'A.C.R S.A', 'GANDINI 128', 'JUNIN ( 6000 )', '30697468885', 1, '6000', '0'),
(42, 'OSDE', 'LEANDRO ALEM 1067 9º PISO', 'CABA', '30546741253', 1, '0', '0');

-- --------------------------------------------------------

--
-- Estructura de tabla para la tabla `g0`
--

CREATE TABLE `g0` (
  `id` int(11) NOT NULL,
  `sucursal_inicio` int(11) NOT NULL,
  `razon_social` varchar(255) NOT NULL,
  `dirección` varchar(255) NOT NULL,
  `telefono` varchar(150) NOT NULL,
  `email` varchar(255) NOT NULL
) ENGINE=InnoDB DEFAULT CHARSET=utf8 COLLATE=utf8_bin;

--
-- Volcado de datos para la tabla `g0`
--

INSERT INTO `g0` (`id`, `sucursal_inicio`, `razon_social`, `dirección`, `telefono`, `email`) VALUES
(1, 3, 'Círculo Odontológico de Rojas', '*', '*', '@');

-- --------------------------------------------------------

--
-- Estructura de tabla para la tabla `items`
--

CREATE TABLE `items` (
  `id_item` int(11) NOT NULL,
  `item` varchar(101) NOT NULL,
  `codigo` varchar(11) NOT NULL,
  `id_tipo_item` int(11) NOT NULL,
  `c1` int(11) NOT NULL,
  `c2` int(11) NOT NULL,
  `c3` int(11) NOT NULL,
  `arancel` double NOT NULL DEFAULT 0,
  `fecha_actu` date NOT NULL DEFAULT current_timestamp()
) ENGINE=InnoDB DEFAULT CHARSET=utf8 COLLATE=utf8_bin;

--
-- Volcado de datos para la tabla `items`
--

INSERT INTO `items` (`id_item`, `item`, `codigo`, `id_tipo_item`, `c1`, `c2`, `c3`, `arancel`, `fecha_actu`) VALUES
(1, 'Primera Consulta', '01.01', 1, 0, 0, 0, 5100, '2023-08-23'),
(2, 'Visitas a domicilio', '01.03', 1, 0, 0, 0, 7428, '2023-08-23'),
(3, 'Consultas fuera de prestación', '01.04', 1, 0, 0, 0, 5476, '2023-08-23'),
(5, 'Amalgama:cavidad simple', '02.01', 2, 0, 0, 0, 9217, '2023-08-23'),
(6, 'Amalgama:cavidad compuesta', '02.02', 2, 0, 0, 0, 13415, '2023-08-23'),
(7, 'Amalgama:cavidad compleja', '02.03', 2, 0, 0, 0, 13415, '2023-08-23'),
(8, 'Amalgama:reconstrucción con tornillo en conducto', '02.04', 2, 0, 0, 0, 20231, '2023-08-23'),
(9, 'Silicatos:cavidad simple', '02.05', 2, 0, 0, 0, 9891, '2023-08-23'),
(10, 'Silicatos:cavidad compuesta', '02.06', 2, 0, 0, 0, 16371, '2023-08-23'),
(11, 'Obturación con Acrilico simple', '02.07', 2, 0, 0, 0, 16371, '2023-08-23'),
(12, 'Obturación con Acrilico compuesto', '02.08', 2, 0, 0, 0, 17528, '2023-08-23'),
(13, 'Reconstrucción de ángulos con refuerzo metálico', '02.09', 2, 0, 0, 0, 0, '2023-08-08'),
(14, 'Composite simple', '02.15', 2, 0, 0, 0, 0, '2023-08-08'),
(15, 'Composite compuesto', '02.16', 2, 0, 0, 0, 0, '2023-08-08'),
(16, 'Biopulpectomía total, necrosis y gangrena(Uniradicular)', '03.01', 3, 0, 0, 0, 5100, '2023-08-23'),
(17, 'Biopulpectomía total, necrosis y gangrena(Multiradicular)', '03.02', 3, 0, 0, 0, 25803, '2023-08-23'),
(18, 'Tratamiento con compicación periapical(Uniradicular)', '03.03', 3, 0, 0, 0, 31080, '2023-08-23'),
(19, 'Tratamiento con compicación periapical(Multiradicular)', '03.04', 3, 0, 0, 0, 36210, '2023-08-23'),
(20, 'Biopulpectomía parcial', '03.05', 3, 0, 0, 0, 12388, '2023-08-23'),
(21, 'Necropulpectomía parcial', '03.06', 3, 0, 0, 0, 13001, '2023-08-23'),
(22, 'Tartrectomía y cepillado mecánico', '05.01', 4, 0, 0, 0, 7428, '2023-08-23'),
(23, 'Consulta preventiva periódica - Aplicación fluor', '05.02', 4, 0, 0, 0, 7595, '2023-08-23'),
(24, 'Motivación', '07.01', 4, 0, 0, 0, 10877, '2023-08-23'),
(25, 'Mantenedor de espacio fijo', '07.02', 4, 0, 0, 0, 31080, '2023-08-23'),
(26, 'Mantenedor de espacio removible', '07.03', 4, 0, 0, 0, 24827, '2023-08-23'),
(27, 'Tratamiento con formocresol', '07.04', 4, 0, 0, 0, 12388, '2023-08-23'),
(28, 'Corona de acero y similares', '07.05', 4, 0, 0, 0, 23220, '2023-08-23'),
(29, 'Consulta estudio', '08.01', 5, 0, 0, 0, 10877, '2023-08-23'),
(30, 'Gingivitis marginal crónica', '08.02', 5, 0, 0, 0, 15015, '2023-08-23'),
(31, 'Periodontilis destructiva leve o moderada', '08.03', 5, 0, 0, 0, 11344, '2023-08-23'),
(32, 'Periodontilis destructiva severa', '08.04', 5, 0, 0, 0, 14931, '2023-08-23'),
(33, 'Desgaste selectivo o armonización oclusal', '08.05', 5, 0, 0, 0, 23099, '2023-08-23'),
(34, 'Radografía periapical', '09.01.01', 8, 0, 0, 0, 2877, '2023-08-23'),
(35, 'Extracción dentaria', '10.01', 6, 0, 0, 0, 9919, '2023-08-23'),
(36, 'Extracción de dientes retenidos', '10.09', 6, 0, 0, 0, 19873, '2023-08-23'),
(37, 'Apicectomía', '10.12', 6, 0, 0, 0, 21086, '2023-08-23'),
(38, 'Consulta nocturna. Domingos y Feriados.', '01.02', 1, 0, 0, 0, 5476, '2023-08-23'),
(39, 'Desobturación.', '03.07', 3, 0, 0, 0, 14557, '2023-08-23'),
(40, 'Incrustaciones metálicas cavidad simples.', '04.01.01', 4, 0, 0, 0, 41645, '2023-08-23'),
(41, 'Incrustaciones metálicas cavidad  compuesta.', '04.01.02', 4, 0, 0, 0, 52585, '2023-08-23'),
(42, 'Incrustaciones de porcelana.', '04.01.03', 4, 0, 0, 0, 57169, '2023-08-23'),
(43, 'Colada entera.', '04.01.04', 4, 0, 0, 0, 79118, '2023-08-23'),
(44, 'Corona Colada con frente. VEENER.', '04.01.05', 4, 0, 0, 0, 77726, '2023-08-23'),
(45, 'Corona revestido en acrílico.', '04.01.06', 4, 0, 0, 0, 77726, '2023-08-23'),
(46, 'Corona espiga.', '04.01.07', 4, 0, 0, 0, 51600, '2023-08-23'),
(47, 'Perno muñón simple.', '04.01.08', 4, 0, 0, 0, 34315, '2023-08-23'),
(48, 'Perno muñón seccionado o pasante.', '04.01.09', 4, 0, 0, 0, 53577, '2023-08-23'),
(49, 'Tramo de puente colado.', '04.01.10', 4, 0, 0, 0, 21618, '2023-08-23'),
(50, 'Corona de acrílico.', '04.01.11', 4, 0, 0, 0, 50924, '2023-08-23'),
(51, 'Elemento provisorio por unidad.', '04.01.12', 4, 0, 0, 0, 13777, '2023-08-23'),
(52, 'Corona porcelana sobre metal.', '04.01.13', 4, 0, 0, 0, 106235, '2023-08-23'),
(53, 'Tramo de puente porcelana sobre metal.', '04.01.14', 4, 0, 0, 0, 82750, '2023-08-23'),
(54, 'Extracción corona y/o perno.', '04.01.15', 4, 0, 0, 0, 14189, '2023-08-23'),
(55, 'De acrílico: Hasta cuatro dientes.', '04.02.01', 4, 0, 0, 0, 73707, '2023-08-23'),
(56, 'De acrílico: de cinco o más dientes.', '04.02.02', 4, 0, 0, 0, 80786, '2023-08-23'),
(57, 'Colados de12+ Cromo Cobalto: Hasta cuatro dientes.', '04.02.03', 4, 0, 0, 0, 116032, '2023-08-23'),
(58, 'Colados de Cromo Cobalto: De cinco o más dientes.', '04.02.04', 4, 0, 0, 0, 135362, '2023-08-23'),
(59, 'Prótesis Parcial Inmediata.', '04.02.05', 4, 0, 0, 0, 76561, '2023-08-23'),
(60, 'Prótesis Completa Superior.', '04.03.01', 4, 0, 0, 0, 106874, '2023-08-23'),
(61, 'Prótesis Completa Inferior.', '04.03.02', 4, 0, 0, 0, 106874, '2023-08-23'),
(62, 'Prótesis Completa Inmediata.', '04.03.03', 4, 0, 0, 0, 106874, '2023-08-23'),
(63, 'Base colada para prótesis completa.', '04.03.04', 4, 0, 0, 0, 46531, '2023-08-23'),
(64, 'Compostura Simple.', '04.04.01', 4, 0, 0, 0, 15694, '2023-08-23'),
(65, 'Compostura con agregado de un diente.', '04.04.02', 4, 0, 0, 0, 16594, '2023-08-23'),
(66, 'Compostura con agregado de un retenedor.', '04.04.03', 4, 0, 0, 0, 13339, '2023-08-23'),
(67, 'Compostura con agregado de un diente y un retenedor.', '04.04.04', 4, 0, 0, 0, 22053, '2023-08-23'),
(68, 'Dientes subsiguientes cada uno.', '04.04.05', 4, 0, 0, 0, 9891, '2023-08-23'),
(69, 'Retenedor subsiguientes cada uno.', '04.04.06', 4, 0, 0, 0, 6666, '2023-08-23'),
(70, 'Soldado de retención en ap. de Cromo Cobalto c/agregado de un diente.', '04.04.07', 4, 0, 0, 0, 30923, '2023-08-23'),
(71, 'Retención subsiguiente.', '04.04.08', 4, 0, 0, 0, 10675, '2023-08-23'),
(72, 'Carilla de acrílico.', '04.04.09', 4, 0, 0, 0, 14931, '2023-08-23'),
(73, 'Rebasado de prótesis cada uno.', '04.04.10', 4, 0, 0, 0, 21843, '2023-08-23'),
(74, 'Cubeta individual.', '04.04.11', 4, 0, 0, 0, 9217, '2023-08-23'),
(75, 'Levante de articulación, en acrílico traslucido y retenedores forjados en acero.', '04.04.12', 4, 0, 0, 0, 59628, '2023-08-23'),
(76, 'Ficha de prevención.', '05.00', 5, 0, 0, 0, 5043, '2023-08-23'),
(77, 'Aplicación cariostáticos por hemiarcada.', '05.03', 5, 0, 0, 0, 7216, '2023-08-23'),
(78, 'Enseñanza de Técnicas de higiene bucal. Detección y control de placas bacteriana.', '05.04', 5, 0, 0, 0, 7448, '2023-08-23'),
(79, 'Sellantes de puntos y fisuras. Por pieza dental.', '05.05', 5, 0, 0, 0, 6735, '2023-08-23'),
(80, 'Consulta estudio.', '06.01', 6, 0, 0, 0, 17854, '2023-08-23'),
(81, 'Tratamiento de la dentición primaria o mixta.', '06.02', 6, 0, 0, 0, 310353, '2023-08-23'),
(82, 'Tratamiento de la dentición permanente.', '06.03', 6, 0, 0, 0, 517210, '2023-08-23'),
(83, 'Corrección de malposiciones simples con espacio.', '06.04', 6, 0, 0, 0, 147594, '2023-08-23'),
(84, 'Consulta periódica de contención.', '06.05', 6, 0, 0, 0, 12388, '2023-08-23'),
(85, 'Consulta periódica de control.', '06.06', 6, 0, 0, 0, 12388, '2023-08-23'),
(86, 'Reducción de luxación con inmovilización dentaria', '07.06.01', 7, 0, 0, 0, 31080, '2023-08-23'),
(87, 'Luxación total. Reimplante e inmovilización dentaria.', '07.06.02', 7, 0, 0, 0, 38100, '2023-08-23'),
(88, 'Fractura amelodentaria. Protección pulpar con coronas provisorias.', '07.06.03', 7, 0, 0, 0, 23274, '2023-08-23'),
(89, 'Placas oclusales de acrílico miorrelajantes.', '08.06', 8, 0, 0, 0, 60446, '2023-08-23'),
(90, 'Aparato de estabilización oclusal en R. C.', '08.07', 8, 0, 0, 0, 60446, '2023-08-23'),
(91, 'A.T.M. y Bruxismo, Terapia Farmacológica y Fisioterapia.', '08.08', 8, 0, 0, 0, 10877, '2023-08-23'),
(92, 'Ferulización temporaria.', '08.09', 8, 0, 0, 0, 9891, '2023-08-23'),
(93, 'Bite- wing', '09.01.02', 9, 0, 0, 0, 2877, '2023-08-23'),
(94, 'Oclusal 6 x 8 cm.', '09.01.03', 9, 0, 0, 0, 3930, '2023-08-23'),
(95, 'Media seriada de 7 películas.', '09.01.04', 9, 0, 0, 0, 10872, '2023-08-23'),
(96, 'Seriada de 14 películas.', '09.01.05', 9, 0, 0, 0, 16594, '2023-08-23'),
(97, 'Extrabucales. Primera exposición.', '09.02.01', 9, 0, 0, 0, 5921, '2023-08-23'),
(98, 'Extrabucales. Por exposición subsiguiente.', '09.02.02', 9, 0, 0, 0, 5043, '2023-08-23'),
(99, 'Articulación témporo- mandibular. (6 tomas).', '09.02.03', 9, 0, 0, 0, 11553, '2023-08-23'),
(100, 'Pantomografía.', '09.02.04', 9, 0, 0, 0, 11553, '2023-08-23'),
(101, 'Telerradiografía cefalométrica.', '09.02.05', 9, 0, 0, 0, 11553, '2023-08-23'),
(102, 'Sialografía.', '09.02.06', 9, 0, 0, 0, 17676, '2023-08-23'),
(103, 'Plástica de comunicación buco- sinusal.', '10.02', 10, 0, 0, 0, 12594, '2023-08-23'),
(104, 'Biopsia por punción o aspiración.', '10.03', 10, 0, 0, 0, 11244, '2023-08-23'),
(105, 'Alveolectomía estabilizadora y/o correctiva. 6 zonas. Por zona.', '10.04', 10, 0, 0, 0, 6666, '2023-08-23'),
(106, 'Reimplante dentario inmediato al traumatismo.', '10.05', 10, 0, 0, 0, 14127, '2023-08-23'),
(107, 'Incisión y drenaje de abscesos por vía intrabucal.', '10.06', 10, 0, 0, 0, 6168, '2023-08-23'),
(108, 'Biopsia por escisión.', '10.07', 10, 0, 0, 0, 15542, '2023-08-23'),
(109, 'Alargamiento quirúrgico de la corona clínica.', '10.08', 10, 0, 0, 0, 8278, '2023-08-23'),
(110, 'Germectomía.', '10.10', 10, 0, 0, 0, 41353, '2023-08-23'),
(111, 'Liberación de dientes retenidos.', '10.11', 10, 0, 0, 0, 18258, '2023-08-23'),
(112, 'Tratamiento de osteomielitis.', '10.13', 10, 0, 0, 0, 25229, '2023-08-23'),
(113, 'Extracción de cuerpo extraño.', '10.14', 10, 0, 0, 0, 20231, '2023-08-23'),
(114, 'Eliminación de hiperplasias paraprotéticas con o sin profundización de surcos.', '10.15', 10, 0, 0, 0, 21681, '2023-08-23'),
(115, 'Frenectomía.', '10.16', 10, 0, 0, 0, 21681, '2023-08-23'),
(116, 'Radectomía.', '10.17', 10, 0, 0, 0, 21681, '2023-08-23'),
(117, 'Extracción por alveolectomía externa (complicación de extracción).', '10.18', 10, 0, 0, 0, 14622, '2023-08-23'),
(118, 'Extracción de dientes en retención ósea.', '10.19', 10, 0, 0, 0, 37.884, '2023-08-23'),
(119, 'Sutura de encías como tratamiento de lesión traumática.', '10.20', 10, 0, 0, 0, 20100, '2023-08-23'),
(120, 'Consulta de Derivación', '01.09', 1, 0, 0, 0, 0, '2023-08-09'),
(121, 'Protección pulpar directa', '03.08', 3, 0, 0, 0, 0, '2023-08-09');

-- --------------------------------------------------------

--
-- Estructura de tabla para la tabla `items_os`
--

CREATE TABLE `items_os` (
  `id_os` int(11) NOT NULL,
  `precio` float NOT NULL,
  `coseguro` double NOT NULL,
  `fecha_ult_actualizacion` date NOT NULL,
  `tasa_iva` float NOT NULL,
  `cant_max_liq` float NOT NULL,
  `id_itemos` int(11) NOT NULL,
  `id_item` int(11) NOT NULL,
  `codigo` varchar(11) NOT NULL,
  `desc_item` varchar(101) NOT NULL
) ENGINE=InnoDB DEFAULT CHARSET=utf8 COLLATE=utf8_bin;

--
-- Volcado de datos para la tabla `items_os`
--

INSERT INTO `items_os` (`id_os`, `precio`, `coseguro`, `fecha_ult_actualizacion`, `tasa_iva`, `cant_max_liq`, `id_itemos`, `id_item`, `codigo`, `desc_item`) VALUES
(27, 4000, 0, '2023-09-02', 21, 3, 339, 1, '01.01', 'EXAMEN -DIAGNOSTICO- FICHADO Y PLAN DE TRATAMIENTO'),
(27, 3000, 0, '2023-09-02', 21, 3, 340, 3, '01.04', 'CONSULTA NO PROGRAMADA O DE URGENCIA'),
(27, 6000, 0, '2023-09-02', 21, 3, 341, 5, '02.01', 'OBTURACION CON AMALGAMA. CAVIDAD SIMPLE'),
(27, 8646, 0, '2023-09-02', 21, 3, 342, 6, '02.02', 'OBTURACION CON AMALGAMA.CAVIDAD COMP.'),
(27, 6375, 0, '2023-09-02', 21, 3, 343, 9, '02.05', 'OBTURACION C/MAT.ESTETICO FOTOCURADO-CAV. SIMPLE'),
(27, 10551, 0, '2023-09-02', 21, 3, 344, 10, '02.06', 'OBTURACION C/MAT.ESTETICO FOTOCURADO-CAVIDAD COMP.'),
(27, 11767, 0, '2023-09-02', 21, 3, 345, 16, '03.01', 'TRAT.INFLAMATORIO PULPAR,NECROSIS/GANGRENA.UNIRRAD'),
(27, 16630, 0, '2023-09-02', 21, 3, 346, 17, '03.02', 'TRAT.INFLAMATORIO PULPAR,NECROSIS/GANGRENA.BIRRAD'),
(27, 20031, 0, '2023-09-02', 21, 3, 347, 18, '03.03', 'TRAT.INFLAM.PULPAR,NECROSIS/GANGRENA.3 O MAS COND.'),
(27, 23337, 0, '2023-09-02', 21, 3, 348, 19, '03.04', 'TRATAMIENTO DE 4 O MAS CONDUCTOS'),
(27, 7984, 0, '2023-09-02', 21, 3, 349, 20, '03.05', 'BIOPULPECTOMIA PARCIAL (NO INCLUYE VALOR DE RX)'),
(27, 8379, 0, '2023-09-02', 21, 3, 350, 21, '03.06', 'NECROPULPECTOMIA PARCIAL. -MOMIFICACION-'),
(27, 4787, 0, '2023-09-02', 21, 3, 351, 22, '05.01', 'TARTRECTOMIA Y CEPILLADO MECANICO AMBAS ARCADAS'),
(27, 4895, 0, '2023-09-02', 21, 3, 352, 23, '05.02', 'CONSULTA PREVENTIVA Y DE RELEVAMIENTO.TOPIC.FLUOR'),
(27, 4341, 0, '2023-09-02', 21, 3, 353, 79, '05.05', 'SELLANTES DE PUNTOS Y FISURAS POR PIEZA DENTAL.'),
(27, 7010, 0, '2023-09-02', 21, 3, 354, 24, '07.01', 'MOTIVACION, EN MENORES DE 13 AÑOS'),
(27, 7984, 0, '2023-09-02', 21, 3, 355, 27, '07.04', 'TRATAMIENTO DE DIENTES PRIMARIOS CON FORMOCRESOL'),
(27, 7010, 0, '2023-09-02', 21, 3, 356, 29, '08.01', 'CONSULTA Y DIAGNOSTICO CON FICHA PERIODONTAL'),
(27, 9790, 0, '2023-09-02', 21, 3, 357, 30, '08.02', 'TRATAMIENTO DE GINGIVITIS POR ARCADA'),
(27, 1854, 0, '2023-09-02', 21, 3, 359, 34, '09.01.01', 'RADIOGRAFIA PERIAPICAL'),
(27, 1854, 0, '2023-09-02', 21, 3, 360, 93, '09.01.02', 'BITE WING'),
(27, 7007, 0, '2023-09-02', 21, 3, 361, 95, '09.01.04', 'MEDIA SERIADA DE 7 PELICULAS'),
(27, 10695, 0, '2023-09-02', 21, 3, 362, 96, '09.01.05', 'SERIADAS DE 14 PELICULAS'),
(27, 7446, 0, '2023-09-02', 21, 3, 363, 100, '09.02.04', 'PANTOMOGRAFIA'),
(27, 7446, 0, '2023-09-02', 21, 3, 364, 101, '09.02.05', 'TELE-RADIOGRAFIA FRENTE Y PERFIL'),
(27, 6393, 0, '2023-09-02', 21, 3, 365, 35, '10.01', 'EXTRACCION DENTARIA'),
(27, 8117, 0, '2023-09-02', 21, 3, 366, 103, '10.02', 'PLASTICA DE COMUNICACION BUCO-SINUSAL'),
(27, 7247, 0, '2023-09-02', 21, 3, 367, 104, '10.03', 'BIOPSIA POR PUNCION O ASPIRACION'),
(27, 4296, 0, '2023-09-02', 21, 3, 368, 105, '10.04', 'ALVEOLECTOMIA ESTABILIZADORA POR ZONA -6 ZONAS-'),
(27, 9105, 0, '2023-09-02', 21, 3, 369, 106, '10.05', 'REIMPLANTE DENTARIO INMEDIATO AL TRAUMATISMO'),
(27, 5394.79, 0, '2023-09-02', 21, 3, 370, 107, '10.06', 'INCISION Y DRENAJE DE ABCESOS POR VIA INTRABUCAL'),
(27, 10017, 0, '2023-09-02', 21, 3, 371, 108, '10.07', 'BIOPSIA POR ESCISION'),
(27, 6100, 0, '2023-09-02', 21, 3, 372, 109, '10.08', 'ALARGAMIENTO QUIRURGICO DE LA CORONA CLINICA'),
(27, 12808, 0, '2023-09-02', 21, 3, 373, 36, '10.09', 'EXT.DIENTES CON RET.SUBMUCOSA'),
(27, 25000, 0, '2023-09-02', 21, 3, 374, 0, '10.09.02', 'EXTRAC.DIENTE C/RET.OSEA (NO INCL.VALOR DE RX)'),
(27, 26652, 0, '2023-09-02', 21, 3, 375, 110, '10.10', 'GERMECTOMIA (NO INCLUYE VALOR RX)'),
(27, 11767, 0, '2023-09-02', 21, 3, 376, 111, '10.11', 'LIBERACION DE DIENTES RETENIDOS'),
(27, 13590, 0, '2023-09-02', 21, 3, 377, 37, '10.12', 'APICECTOMIA (NO INCLUYE VALOR RX)'),
(27, 15000, 0, '2023-09-02', 21, 3, 378, 112, '10.13', 'TRATAMIENTO DE OSTEOMIELITIS'),
(27, 20000, 0, '2023-09-02', 21, 3, 379, 113, '10.14', 'EXTRACCION DE CUERPO EXTRAÑO'),
(27, 21000, 0, '2023-09-02', 21, 3, 380, 114, '10.15', 'ALVEOLECTOMIA CORRECTIVA POR ZONA (6 ZONAS)'),
(27, 22000, 0, '2023-09-02', 21, 3, 381, 117, '10.18', 'EXTRAC.CON ALVEOLECTOMIA EXTERNA'),
(4, 1792, 0, '2023-08-15', 21, 3, 382, 1, '01.01', 'Consulta, fichado y plan de tratamiento'),
(4, 1540, 0, '2023-08-15', 21, 3, 383, 38, '01.02', 'Consulta preventiva profiláctica'),
(4, 1540, 0, '2023-08-15', 21, 3, 384, 120, '01.09', 'Consulta de derivación'),
(4, 3920, 0, '2023-08-15', 21, 3, 385, 5, '02.01', 'Restauraciones plásticas. Amalgamas.'),
(4, 3920, 0, '2023-08-15', 21, 3, 386, 6, '02.02', 'Restauraciones plásticas- fotocurados'),
(4, 9380, 0, '2023-08-15', 21, 3, 387, 16, '03.01', 'Tratamiento de endodoncia-un conducto'),
(4, 11060, 0, '2023-08-15', 21, 3, 388, 17, '03.02', 'Tratamiento de endodoncia-dos conductos'),
(4, 12740, 0, '2023-08-15', 21, 3, 389, 18, '03.03', 'Tratamiento de endodoncia-tres conductos'),
(4, 14420, 0, '2023-08-15', 21, 3, 390, 19, '03.04', 'Tratamiento de endodoncia-cuatro conductos o más'),
(4, 2660, 0, '2023-08-15', 21, 3, 391, 20, '03.05', 'Biopulpectomía parcial'),
(4, 5740, 0, '2023-08-15', 21, 3, 392, 21, '03.06', 'Tratamiento endodoncia Perm.Jovenes (Unirr)'),
(4, 7420, 0, '2023-08-15', 21, 3, 393, 39, '03.07', 'Tratamiento endodoncia Perm.Jovenes (Multirr)'),
(4, 2660, 0, '2023-08-15', 21, 3, 394, 121, '03.08', 'Protección pulpar directa'),
(4, 9380, 0, '2023-08-15', 21, 3, 395, 0, '03.11', 'Tratamiento endodoncia (Una Raíz).'),
(4, 11060, 0, '2023-08-15', 21, 3, 396, 0, '03.12', 'Tratamiento endodoncia (Dos Raíces)'),
(4, 12740, 0, '2023-08-15', 21, 3, 397, 0, '03.13', 'Tratamiento endodoncia (Tres Raíces)'),
(4, 14420, 0, '2023-08-15', 21, 3, 398, 0, '03.14', 'Tratamiento endodoncia (Cuatro Raíces)'),
(4, 2660, 0, '2023-08-15', 21, 3, 399, 0, '03.15', 'Biopulpectomía parcial'),
(4, 5740, 0, '2023-08-15', 21, 3, 400, 0, '03.16', 'Tratamiento endodoncia Perm.Jovenes (Unirr)'),
(4, 7420, 0, '2023-08-15', 21, 3, 401, 0, '03.17', 'Tratamiento endodoncia Perm.Jovenes (Multirr)'),
(4, 2660, 0, '2023-08-15', 21, 3, 402, 0, '03.18', 'Protección pulpar directa'),
(4, 9380, 0, '2023-08-15', 21, 3, 403, 0, '03.71', 'Tratamiento endodoncia (Una Raíz)'),
(4, 11060, 0, '2023-08-15', 21, 3, 404, 0, '03.72', 'Tratamiento endodoncia (Dos Raíces)'),
(4, 12740, 0, '2023-08-15', 21, 3, 405, 0, '03.73', 'Tratamiento endodoncia (Tres Raíces)'),
(4, 14420, 0, '2023-08-15', 21, 3, 406, 0, '03.74', 'Tratamiento endodoncia (Cuatro Raíces)'),
(4, 2660, 0, '2023-08-15', 21, 3, 407, 0, '03.75', 'Biopulpectomía parcial'),
(4, 5740, 0, '2023-08-15', 21, 3, 408, 0, '03.76', 'Tratamiento endodoncia Perm.Jovenes (Unirr)'),
(4, 7420, 0, '2023-08-15', 21, 3, 409, 0, '03.77', 'Tratamiento endodoncia Perm.Jovenes (Multirr)'),
(4, 2660, 0, '2023-08-15', 21, 3, 410, 0, '03.78', 'Protección pulpar directa'),
(4, 9380, 0, '2023-08-15', 21, 3, 411, 0, '03.91', 'Tratamiento endodoncia (Una Raíz)'),
(4, 11060, 0, '2023-08-15', 21, 3, 412, 0, '03.92', 'Tratamiento endodoncia (Dos Raíces)'),
(4, 12740, 0, '2023-08-15', 21, 3, 413, 0, '03.93', 'Tratamiento endodoncia (Tres Raíces)'),
(4, 14420, 0, '2023-08-15', 21, 3, 414, 0, '03.94', 'Tratamiento endodoncia (Cuatro Raíces)'),
(4, 2660, 0, '2023-08-15', 21, 3, 415, 0, '03.95', 'Biopulpectomía parcial'),
(4, 5740, 0, '2023-08-15', 21, 3, 416, 0, '03.96', 'Tratamiento endodoncia Perm.Jovenes (Unirr)'),
(4, 7420, 0, '2023-08-15', 21, 3, 417, 0, '03.97', 'Tratamiento de Endodoncia Perm. Jovenes (multi)'),
(4, 2660, 0, '2023-08-15', 21, 3, 418, 0, '03.98', 'Protección pulpar directa'),
(4, 1512, 0, '2023-08-15', 21, 3, 419, 22, '05.01', 'Tartrectomia'),
(4, 2660, 0, '2023-08-15', 21, 3, 420, 77, '05.03', 'Topicación con fluor'),
(4, 2660, 0, '2023-08-15', 21, 3, 421, 79, '05.05', 'Sellantes de puntos y fisuras'),
(4, 2940, 0, '2023-08-15', 21, 3, 422, 24, '07.01', 'Consulta-Motivación-Ens.de cepillado'),
(4, 5040, 0, '2023-08-15', 21, 3, 423, 25, '07.02', 'Mantenedor de espacios dent.simples o bilaterales'),
(4, 4872, 0, '2023-08-15', 21, 3, 424, 26, '07.03', 'Tratamiento de Formocresol en dientes primarios'),
(4, 4060, 0, '2023-08-15', 21, 3, 425, 27, '07.04', 'Inactivación de caries en piezas temporarias (4 piezas)'),
(4, 4872, 0, '2023-08-15', 21, 3, 426, 28, '07.05', 'Inactivación de caries en piezas temporarias (5 piezas o más)'),
(4, 1120, 0, '2023-08-15', 21, 3, 427, 0, '07.11', 'Certificado Buco Dental'),
(4, 1540, 0, '2023-08-15', 21, 3, 428, 0, '08.02.01', 'Tratamiento de Gingivitis, arcada superior'),
(4, 1540, 0, '2023-08-15', 21, 3, 429, 0, '08.02.02', 'Tratamiento de Gingivitis, arcada inferior'),
(4, 476, 0, '2023-08-15', 21, 3, 430, 0, '09.01', 'Rx. Periapical. Técnicas de cono corto o cono largo.'),
(4, 2050.72, 0, '2023-08-15', 21, 3, 431, 0, '09.07', 'Media Seriada-7 Películas'),
(4, 3620.4, 0, '2023-08-15', 21, 3, 432, 0, '09.14', 'Seriada-14 Películas'),
(4, 1041.6, 0, '2023-08-15', 21, 3, 433, 0, '09.16', 'Rx. Oclusales'),
(4, 1193.92, 0, '2023-08-15', 21, 3, 434, 0, '09.21', 'Rx. Extraorales'),
(4, 904.4, 0, '2023-08-15', 21, 3, 435, 0, '09.22', 'Rx. Extraorales p/exp.siguientes'),
(4, 2503.76, 0, '2023-08-15', 21, 3, 436, 0, '09.23', 'Condilografías-6 Exposiciones'),
(4, 2692.48, 0, '2023-08-15', 21, 3, 437, 0, '09.24', 'Ortopantomografía- (Panorámica)'),
(4, 2531.2, 0, '2023-08-15', 21, 3, 438, 0, '09.25', 'Telerradiografía'),
(4, 2531.2, 0, '2023-08-15', 21, 3, 439, 0, '09.26', 'Sialografías'),
(4, 2884, 0, '2023-08-15', 21, 3, 440, 0, '10.00', 'Consulta Estomatológica'),
(4, 3472, 0, '2023-08-15', 21, 3, 441, 35, '10.01', 'Extracciónes dentarias simples'),
(4, 2548, 0, '2023-08-15', 21, 3, 442, 105, '10.04', 'Biopsia tejidos blandos superficiales endobucales'),
(4, 7980, 0, '2023-08-15', 21, 3, 443, 109, '10.08', 'Extracción de piezas dentarias retenidas mucosa'),
(4, 15120, 0, '2023-08-15', 21, 3, 444, 36, '10.09', 'Extracción de piezas dentarias retenidas óseas'),
(4, 2660, 0, '2023-08-15', 21, 3, 445, 110, '10.10', 'Biopsia tejidos duros endobucales'),
(4, 2548, 0, '2023-08-15', 21, 3, 446, 111, '10.11', 'Liberación de piezas dentarias retenidas'),
(4, 9520, 0, '2023-08-15', 21, 3, 447, 37, '10.12', 'Apicectomía'),
(4, 3360, 0, '2023-08-15', 21, 3, 448, 115, '10.16', 'Frenectomía'),
(4, 3472, 0, '2023-08-15', 21, 3, 449, 0, '11.01', 'Extracciónes dentarias simples'),
(4, 2548, 0, '2023-08-15', 21, 3, 450, 0, '11.04', 'Biopsia tejidos blandos superficiales endobucales'),
(4, 7252, 0, '2023-08-15', 21, 3, 451, 0, '11.08', 'Extracción de piezas dentarias retenidas mucosa'),
(4, 12880, 0, '2023-08-15', 21, 3, 452, 0, '11.09', 'Extracción de piezas dentarias retenidas óseas'),
(4, 2660, 0, '2023-08-15', 21, 3, 453, 0, '11.10', 'Biopsia tejidos duros endobucales'),
(4, 2548, 0, '2023-08-15', 21, 3, 454, 0, '11.11', 'Liberación de piezas dentarias retenidas'),
(4, 9520, 0, '2023-08-15', 21, 3, 455, 0, '11.12', 'Apicectomía'),
(4, 3360, 0, '2023-08-15', 21, 3, 456, 0, '11.16', 'Frenectomía'),
(4, 3472, 0, '2023-08-15', 21, 3, 457, 0, '17.01', 'Extracciónes dentarias simples'),
(4, 7252, 0, '2023-08-15', 21, 3, 458, 0, '17.08', 'Extracción de piezas dentarias retenidas mucosa'),
(4, 12880, 0, '2023-08-15', 21, 3, 459, 0, '17.09', 'Extracción de piezas dentarias retenidas óseas'),
(4, 2548, 0, '2023-08-15', 21, 3, 460, 0, '17.11', 'Liberación de piezas dentarias retenidas'),
(4, 9520, 0, '2023-08-15', 21, 3, 461, 0, '17.12', 'Apicectomía'),
(4, 3360, 0, '2023-08-15', 21, 3, 462, 0, '17.16', 'Frenectomía'),
(4, 3472, 0, '2023-08-15', 21, 3, 463, 0, '19.01', 'Extracciónes dentarias simples'),
(4, 7252, 0, '2023-08-15', 21, 3, 464, 0, '19.08', 'Extracción de piezas dentarias retenidas mucosa'),
(4, 12880, 0, '2023-08-15', 21, 3, 465, 0, '19.09', 'Extracción de piezas dentarias retenidas óseas'),
(4, 2548, 0, '2023-08-15', 21, 3, 466, 0, '19.11', 'Liberación de piezas dentarias retenidas'),
(4, 9520, 0, '2023-08-15', 21, 3, 467, 0, '19.12', 'Apicectomía'),
(4, 3360, 0, '2023-08-15', 21, 3, 468, 0, '19.16', 'Frenectomía'),
(27, 1000, 0, '2023-09-02', 21, 0, 469, 38, '01.02', 'Consulta nocturna. Domingos y Feriados.'),
(27, 0, 0, '2023-09-02', 21, 0, 470, 2, '01.03', 'Visitas a domicilio'),
(27, 0, 0, '2023-09-02', 21, 0, 471, 97, '09.02.01', 'Extrabucales. Primera exposición.'),
(27, 0, 0, '2023-09-02', 21, 0, 472, 98, '09.02.02', 'Extrabucales. Por exposición subsiguiente.'),
(25, 5043, 0, '2023-09-01', 21, 3, 473, 1, '01.01', 'EXAMEN-DIAGNOSTICO  Y  FICHADO'),
(25, 5476, 0, '2023-09-01', 21, 3, 474, 38, '01.02', 'Consulta  Nocturna ,Feriado'),
(25, 0, 0, '2023-09-01', 21, 3, 475, 2, '01.03', 'Visita  a  Domicilio'),
(25, 5476, 0, '2023-09-01', 21, 3, 476, 3, '01.04', 'Consultas de Urgencias. Prestación que no constituye paso'),
(25, 9891, 0, '2023-09-01', 21, 3, 477, 5, '02.01', 'Composite Simple'),
(25, 16371, 0, '2023-09-01', 21, 3, 478, 6, '02.02', 'Composite  compuersto'),
(25, 0, 0, '2023-09-01', 21, 3, 479, 11, '02.07', 'Composite Globalizado por Caviodad'),
(25, 17528, 0, '2023-09-01', 21, 3, 480, 12, '02.08', 'Recontruccion de  diente de angulos  anteriores '),
(25, 18258, 0, '2023-09-01', 21, 3, 481, 16, '03.01', 'Tratamiento  Unirradicular'),
(25, 25803, 0, '2023-09-01', 21, 3, 482, 17, '03.02', 'Tratamiento  Multirradicular'),
(25, 0, 0, '2023-09-01', 21, 3, 483, 18, '03.03', 'Tratamiento Multirradicular ( tres conductos )'),
(25, 0, 0, '2023-09-01', 21, 3, 484, 19, '03.04', 'Tratamiento Multirradicular  (cuatro  conductos)'),
(25, 12388, 0, '2023-09-01', 21, 3, 485, 20, '03.05', 'Biopulpectomia parcial'),
(25, 13001, 0, '2023-09-01', 21, 3, 486, 21, '03.06', 'Necropulpectomia parcial'),
(25, 14557, 0, '2023-09-01', 21, 3, 487, 39, '03.07', 'Desobturacion'),
(25, 5043, 0, '2023-09-01', 21, 3, 488, 76, '05.00', 'Ficha  de Prevencion'),
(25, 7428, 0, '2023-09-01', 21, 3, 489, 22, '05.01', 'Tratectomomia y  cepillado  mecanico'),
(25, 7595, 0, '2023-09-01', 21, 3, 490, 23, '05.02', 'Cons Prev.Period .Cepill.Prev y Aplic de Fluor'),
(25, 7216, 0, '2023-09-01', 21, 3, 491, 77, '05.03', '05.03 Aplicación cariostáticos por hemiarcada. '),
(25, 7448, 0, '2023-09-01', 21, 3, 492, 78, '05.04', 'Enseñanza '),
(25, 6735, 0, '2023-09-01', 21, 3, 493, 79, '05.05', 'Sellantes de  puntos  y  Fisuras  ,por  pieza dental'),
(25, 10877, 0, '2023-09-01', 21, 3, 494, 24, '07.01', 'Motivacion'),
(25, 12388, 0, '2023-09-01', 21, 3, 495, 27, '07.04', 'Tratamientos de  dientes priomarios  con formocresol'),
(25, 10877, 0, '2023-09-01', 21, 3, 496, 29, '08.01', 'Consulta,Estudio, Diagnostico  ,pronostico'),
(25, 15015, 0, '2023-09-01', 21, 3, 497, 30, '08.02', 'Tratamiento de Gingivitis Marginal Cronica'),
(25, 0, 0, '2023-09-01', 21, 3, 498, 31, '08.03', 'Tratamiento de  Periodontitis destructivas leve o moderada '),
(25, 0, 0, '2023-09-01', 21, 3, 499, 32, '08.04', 'Tratamiento de  Periodontitis severa. Bolsa de 6 mm o mas por '),
(25, 23099, 0, '2023-09-01', 21, 3, 500, 33, '08.05', 'Desgaste selectivo o  armonizacion oclusal'),
(25, 2877, 0, '2023-09-01', 21, 3, 501, 34, '09.01.01', ' Periapical. Técnicas de cono corto o cono largo. '),
(25, 2877, 0, '2023-09-01', 21, 3, 502, 93, '09.01.02', ' Bite- wing '),
(25, 3930, 0, '2023-09-01', 21, 3, 503, 94, '09.01.03', ' Oclusal 6 x 8 cm. '),
(25, 10872, 0, '2023-09-01', 21, 3, 504, 95, '09.01.04', ' Media seriada de 7 películas. '),
(25, 16594, 0, '2023-09-01', 21, 3, 505, 96, '09.01.05', ' Seriada de 14 películas. '),
(25, 11553, 0, '2023-09-01', 21, 3, 506, 100, '09.02.04', ' Pantomografía. '),
(25, 11553, 0, '2023-09-01', 21, 3, 507, 101, '09.02.05', ' Telerradiografía cefalométrica. '),
(25, 9919, 0, '2023-09-01', 21, 3, 508, 35, '10.01', ' Extracción simple.'),
(25, 12594, 0, '2023-09-01', 21, 3, 509, 103, '10.02', ' Plástica de comunicación buco- sinusal. '),
(25, 11244, 0, '2023-09-01', 21, 3, 510, 104, '10.03', ' Biopsia por punción o aspiración. '),
(25, 6666, 0, '2023-09-01', 21, 3, 511, 105, '10.04', ' Alveolectomía estabilizadora y/o correctiva. 6 zonas. Por zona. 1.825,00'),
(25, 14127, 0, '2023-09-01', 21, 3, 512, 106, '10.05', ' Reimplante dentario inmediato al traumatismo. '),
(25, 15542, 0, '2023-09-01', 21, 3, 513, 108, '10.07', ' Biopsia por escisión. '),
(25, 19873, 0, '2023-09-01', 21, 3, 514, 36, '10.09', ' Extracción de dientes o restos radiculares con retención mucosa. 5.441,00'),
(25, 41353, 0, '2023-09-01', 21, 3, 515, 110, '10.10', ' Germectomía. '),
(25, 18258, 0, '2023-09-01', 21, 3, 516, 111, '10.11', ' Liberación de dientes retenidos. '),
(25, 21086, 0, '2023-09-01', 21, 3, 517, 37, '10.12', ' Apicectomía. '),
(25, 25229, 0, '2023-09-01', 21, 3, 518, 112, '10.13', ' Tratamiento de osteomielitis. '),
(25, 20231, 0, '2023-09-01', 21, 3, 519, 113, '10.14', ' Extracción de cuerpo extraño. '),
(25, 21681, 0, '2023-09-01', 21, 3, 520, 114, '10.15', 'Eliminación de hiperplasias paraprotéticas con o sin profundización'),
(25, 8278, 0, '2023-09-01', 21, 3, 521, 119, '10.20', ' Sutura de encías como tratamiento de lesión traumática. 2.266,00'),
(26, 4126.65, 0, '2023-09-01', 21, 3, 522, 1, '01.01', 'Examen-Diagnóstico-Fichado y Plan de Tratamiento.'),
(26, 4481.23, 0, '2023-09-01', 21, 3, 523, 3, '01.04', 'Cons. de Urgencia. No constituye paso interm. y/o final de trat.'),
(26, 8222.61, 0, '2023-09-01', 21, 3, 524, 5, '02.01', 'Obturacion con amalgama Simple'),
(26, 10978.8, 0, '2023-09-01', 21, 3, 525, 6, '02.02', 'Obturacion con amalgama completa'),
(26, 10978.8, 0, '2023-09-01', 21, 3, 526, 7, '02.03', 'Obturación con amalgama globalizada por cavidad.'),
(26, 13397.7, 0, '2023-09-01', 21, 3, 527, 11, '02.07', 'Composite globalizado por cavidad.'),
(26, 13397.7, 0, '2023-09-01', 21, 3, 528, 14, '02.15', 'Obturacion luz halogena dientes anteriores '),
(26, 13397.7, 0, '2023-09-01', 21, 3, 529, 15, '02.16', 'Obturacion luz halogena dientes posteriores '),
(26, 14940.6, 0, '2023-09-01', 21, 3, 530, 16, '03.01', 'Tratamiento unirradicular.'),
(26, 29632.1, 0, '2023-09-01', 21, 3, 531, 17, '03.02', 'Tratamiento multirradicular '),
(26, 10137.4, 0, '2023-09-01', 21, 3, 532, 19, '03.04', 'Acopio de pasta alcalina'),
(26, 10137.4, 0, '2023-09-01', 21, 3, 533, 20, '03.05', 'Biopulpectomía parcial.'),
(26, 10639.6, 0, '2023-09-01', 21, 3, 534, 21, '03.06', 'Necropulpectomía parcial (momificación).'),
(26, 11912.2, 0, '2023-09-01', 21, 3, 535, 39, '03.07', 'Desobturación.'),
(26, 6077.84, 0, '2023-09-01', 21, 3, 536, 22, '05.01', 'Tartrectomía y cepillado mecánico.'),
(26, 6215.84, 0, '2023-09-01', 21, 3, 537, 23, '05.02', 'Consulta preventiva periódica. Cepillado previo y aplic. de flúor.'),
(26, 5512.41, 0, '2023-09-01', 21, 3, 538, 79, '05.05', 'Sellantes de puntos y fisuras. Por pieza dental.'),
(26, 6708.42, 0, '2023-09-01', 21, 3, 539, 0, '05.08', 'Certificado bucodental'),
(26, 8901.12, 0, '2023-09-01', 21, 3, 540, 24, '07.01', 'Motivación.'),
(26, 10137.4, 0, '2023-09-01', 21, 3, 541, 27, '07.04', 'Tratamiento de dientes primarios con formocresol.'),
(26, 8901.12, 0, '2023-09-01', 21, 3, 542, 29, '08.01', 'Consulta estudio- Diagnóstico- Pronóstico.'),
(26, 9282.55, 0, '2023-09-01', 21, 3, 543, 31, '08.03', 'Tratamiento de Periodontitis destructiva leve o moderada. Bolsas de hasta 5 mm. Por sector. (Seis sec'),
(26, 12218.9, 0, '2023-09-01', 21, 3, 544, 32, '08.04', 'Trat. de Periodontitis severa. Bolsas de 6 mm o más. P/sector (6)'),
(26, 18902.4, 0, '2023-09-01', 21, 3, 545, 33, '08.05', 'Desgaste Selectivo o armonización oclusal.'),
(26, 2353.7, 0, '2023-09-01', 21, 3, 546, 34, '09.01.01', 'Periapical. Técnicas de cono corto o cono largo.'),
(26, 2353.7, 0, '2023-09-01', 21, 3, 547, 93, '09.01.02', 'Bite- wing'),
(26, 3216.21, 0, '2023-09-01', 21, 3, 548, 94, '09.01.03', 'Oclusal 6 x 8 cm.'),
(26, 8897.29, 0, '2023-09-01', 21, 3, 549, 95, '09.01.04', 'Media seriada de 7 películas.'),
(26, 13579.8, 0, '2023-09-01', 21, 3, 550, 96, '09.01.05', 'Seriada de 14 películas.'),
(26, 4845.4, 0, '2023-09-01', 21, 3, 551, 97, '09.02.01', 'Extrabucales. Primera exposición.'),
(26, 4126.65, 0, '2023-09-01', 21, 3, 552, 98, '09.02.02', 'Extrabucales. Por exposición subsiguiente.'),
(26, 9455.05, 0, '2023-09-01', 21, 3, 553, 99, '09.02.03', 'Articulación temporo- mandibular. (6 tomas).'),
(26, 9455.05, 0, '2023-09-01', 21, 3, 554, 100, '09.02.04', 'Pantomografía.'),
(26, 9455.05, 0, '2023-09-01', 21, 3, 555, 101, '09.02.05', 'Telerradiografia cefalométrica.'),
(26, 8117.2, 0, '2023-09-01', 21, 3, 556, 35, '10.01', 'Extracción simple.'),
(26, 10306.1, 0, '2023-09-01', 21, 3, 557, 103, '10.02', 'Plástica de comunicación buco- sinusal.'),
(26, 9202.05, 0, '2023-09-01', 21, 3, 558, 104, '10.03', 'Biopsia por punción o aspiración.'),
(26, 5454.91, 0, '2023-09-01', 21, 3, 559, 105, '10.04', 'Alveolectomía estabilizadora y/o correctiva. 6 zonas. Por zona.'),
(26, 11561.5, 0, '2023-09-01', 21, 3, 560, 106, '10.05', 'Reimpalnte dentario inmediato al traumatismo.'),
(26, 5046.66, 0, '2023-09-01', 21, 3, 561, 107, '10.06', 'Incisión y drenaje de abscesos por vía intrabucal.'),
(26, 12719.2, 0, '2023-09-01', 21, 3, 562, 108, '10.07', 'Biopsia por escisión.'),
(26, 16167.3, 0, '2023-09-01', 21, 3, 563, 36, '10.09', 'Extracción de dientes o restos radiculares con retención mucosa.'),
(26, 33841.1, 0, '2023-09-01', 21, 3, 564, 110, '10.10', 'Germectomía.'),
(26, 14940.6, 0, '2023-09-01', 21, 3, 565, 111, '10.11', 'Liberación de dientes retenidos.'),
(26, 20646.6, 0, '2023-09-01', 21, 3, 566, 112, '10.13', 'Tratamiento de osteomielitis.'),
(26, 16556.4, 0, '2023-09-01', 21, 3, 567, 113, '10.14', 'Extracción de cuerpo extraño.'),
(26, 17742.8, 0, '2023-09-01', 21, 3, 568, 114, '10.15', 'Elim. de hiperplasias paraprotéticas con o sin prof. de surcos.'),
(26, 31002.5, 0, '2023-09-01', 21, 3, 569, 118, '10.19', 'Extracción de dientes en retención ósea.'),
(26, 6185.17, 0, '2023-09-01', 21, 3, 570, 102, '09.02.06', 'Primer estudio'),
(26, 6185.17, 0, '2023-09-01', 21, 3, 571, 0, '09.02.07', 'Segundo estudio'),
(26, 6185.17, 0, '2023-09-01', 21, 3, 572, 0, '09.02.08', 'Fotos'),
(26, 13811.7, 0, '2023-09-01', 21, 3, 573, 0, '09.03.04', 'TC CONE BEAM 3D HEMIMAXILAR'),
(26, 20711.8, 0, '2023-09-01', 21, 3, 574, 0, '09.03.05', 'TC CONE BEAM 3D 1 MAXILAR'),
(26, 28771.5, 0, '2023-09-01', 21, 3, 575, 0, '09.03.06', 'TC CONE BEAM 3D 2 MAXILAR'),
(28, 3304, 0, '2023-09-14', 21, 3, 576, 1, '01.01', 'EXAMEN -DIAGNOSTICO- FICHADO Y'),
(28, 3704, 0, '2023-09-14', 21, 3, 577, 38, '01.02', 'CONSULTA DE URGENCIA. (*)'),
(28, 5115, 0, '2023-09-14', 21, 3, 578, 5, '02.01', 'OBTURACION CAVIDAD SIMPLE.'),
(28, 8043, 0, '2023-09-14', 21, 3, 579, 6, '02.02', 'OBTURACION CON AMALGAMA. CAVID'),
(28, 11300, 0, '2023-09-14', 21, 3, 580, 13, '02.09', 'RECONSTRUCCION COMPLEJA DE PIE'),
(28, 13538, 0, '2023-09-14', 21, 3, 581, 16, '03.01', 'TRATAMIENTO UNIRRADICULAR.'),
(28, 17015, 0, '2023-09-14', 21, 3, 582, 17, '03.02', 'TRATAMIENTO MULTIRRADICULAR.'),
(28, 20742, 0, '2023-09-14', 21, 3, 583, 18, '03.03', 'TRATAMIENTO RADICULAR DE TRES'),
(28, 26280, 0, '2023-09-14', 21, 3, 584, 19, '03.04', 'TRATAMIENTO RADICULAR DE CUATR'),
(28, 9207, 0, '2023-09-14', 21, 3, 585, 20, '03.05', 'BIOPULPECTOMIA PARCIAL.'),
(28, 6502, 0, '2023-09-14', 21, 3, 586, 21, '03.06', 'NECROPULPECTOMIA PARCIAL (MOMI'),
(28, 6561, 0, '2023-09-14', 21, 3, 587, 39, '03.07', 'PROTECCION INDIRECTA'),
(28, 3457, 0, '2023-09-14', 21, 3, 588, 23, '05.02', 'CEPILLADO PREVIO Y APLICACION'),
(28, 4915, 0, '2023-09-14', 21, 3, 589, 77, '05.03', 'INACTIVACION DE POLICARIES'),
(28, 4915, 0, '2023-09-14', 21, 3, 590, 78, '05.04', 'ENSEÑANZA DE TECNICAS DE HIGIE'),
(28, 4390, 0, '2023-09-14', 21, 3, 591, 79, '05.05', 'SELLANTES DE PUNTOS Y FISURAS'),
(28, 6314, 0, '2023-09-14', 21, 3, 592, 80, '06.01', 'CONSULTA ESPECIALIZADA ORTODONCIA/'),
(28, 7300, 0, '2023-09-14', 21, 3, 593, 24, '07.01', 'MOTIVACION.'),
(28, 19330, 0, '2023-09-14', 21, 3, 594, 25, '07.02', 'MOTIVACION EN PACIENTES MENTAL'),
(28, 14360, 0, '2023-09-14', 21, 3, 595, 26, '07.03', 'CORONA METALICA O SIMIL'),
(28, 11520, 0, '2023-09-14', 21, 3, 596, 27, '07.04', 'MANTENEDOR DE ESPACIO REMOVIBLE'),
(28, 15800, 0, '2023-09-14', 21, 3, 597, 28, '07.05', 'MANTENEDOR DE ESPACIO FIJO'),
(28, 4730, 0, '2023-09-14', 21, 3, 598, 0, '08.11', 'CONSULTA DE ESTUDIO, DIAG, PRON, PLA'),
(28, 2640, 0, '2023-09-14', 21, 3, 599, 0, '08.12', 'TRATAMIENTO DE GINGIVITIS POR'),
(28, 4920, 0, '2023-09-14', 21, 3, 600, 0, '08.13', 'ENSEÑANZA DE CEPILLADO'),
(28, 2500, 0, '2023-09-14', 21, 3, 601, 0, '08.14', 'CONTROLES POST SIN INSTR.'),
(28, 3500, 0, '2023-09-14', 21, 3, 602, 0, '08.15', 'CONTROLES POST TRATAM. CON INS'),
(28, 1780, 0, '2023-09-14', 21, 3, 603, 0, '08.16', 'RASP.Y CURT. POR ELEMENTO'),
(28, 2590, 0, '2023-09-14', 21, 3, 604, 0, '08.17', 'TRAT. QUIR. POR ELEM.'),
(28, 7420, 0, '2023-09-14', 21, 3, 605, 35, '10.01', 'EXTRACCION DENTARIA.'),
(28, 8850, 0, '2023-09-14', 21, 3, 606, 103, '10.02', 'PLASTICA DE COMUNICACION BUCO-'),
(28, 7940, 0, '2023-09-14', 21, 3, 607, 104, '10.03', 'BIOPSIA POR PUNCION O ASPIRACI'),
(28, 7940, 0, '2023-09-14', 21, 3, 608, 105, '10.04', 'ALVEOLECTOMIA ESTABILIZADORA ('),
(28, 8850, 0, '2023-09-14', 21, 3, 609, 106, '10.05', 'REIMPLANTE DENTARIO INMEDIATO'),
(28, 9770, 0, '2023-09-14', 21, 3, 610, 108, '10.07', 'BIOPSIA POR ESCISION.'),
(28, 7940, 0, '2023-09-14', 21, 3, 611, 109, '10.08', 'ALARGAMIENTO QUIRURGICO DE LA'),
(28, 24510, 0, '2023-09-14', 21, 3, 612, 36, '10.09', 'EXTRACCION DE DIENTES RETENIDO'),
(28, 24510, 0, '2023-09-14', 21, 3, 613, 110, '10.10', 'GERMECTOMIA.'),
(28, 9770, 0, '2023-09-14', 21, 3, 614, 111, '10.11', 'LIBERACION DE DIENTES RETENIDO'),
(28, 12550, 0, '2023-09-14', 21, 3, 615, 37, '10.12', 'APICECTOMIA.'),
(28, 13420, 0, '2023-09-14', 21, 3, 616, 112, '10.13', 'TRATAMIENTO DE OESTEOMIELITIS.'),
(28, 20710, 0, '2023-09-14', 21, 3, 617, 113, '10.14', 'EXTRACCION DE CUERPO EXTRAÑO.'),
(28, 7940, 0, '2023-09-14', 21, 3, 618, 114, '10.15', 'ALVEOLECTOMIA CORRECTIVA (POR'),
(28, 11550, 0, '2023-09-14', 21, 3, 619, 117, '10.18', 'EXTRACCION CON ALVEOLECTOMIA E'),
(29, 2584, 0, '2023-09-01', 21, 3, 620, 1, '01.01', 'CONSULTA ODONTOLOGICA'),
(29, 2806, 0, '2023-09-01', 21, 3, 621, 3, '01.04', 'CONSULTA ODONT DE URGENCIA'),
(29, 4722, 0, '2023-09-01', 21, 3, 622, 5, '02.01', 'RESTAURACIONES'),
(29, 6874, 0, '2023-09-01', 21, 3, 623, 6, '02.02', 'OBTURACION C/AMALGAMA CAVIDAD COMPUESTA'),
(29, 9534, 0, '2023-09-01', 21, 3, 624, 16, '03.01', 'TRATAMIENTO UNIRRADICULAR'),
(29, 13220, 0, '2023-09-01', 21, 3, 625, 17, '03.02', 'TRATAMIENTO BIRRADICULAR'),
(29, 3805, 0, '2023-09-01', 21, 3, 626, 22, '05.01', 'LIMPIEZA'),
(29, 3892, 0, '2023-09-01', 21, 3, 627, 23, '05.02', 'CONDUCTA PREVENTIVA'),
(29, 3451, 0, '2023-09-01', 21, 3, 628, 79, '05.05', 'SELLADORES'),
(29, 5573, 0, '2023-09-01', 21, 3, 629, 24, '07.01', 'MOTIVACION'),
(29, 6347, 0, '2023-09-01', 21, 3, 630, 27, '07.04', 'TRATAMIENTO DE DIENTES CON FORMOCRESOL'),
(29, 7693, 0, '2023-09-01', 21, 3, 631, 30, '08.02', 'TRATAMIENTO DE GINGIVITIS'),
(29, 1474, 0, '2023-09-01', 21, 3, 632, 0, '09.01', 'RADIPOGRAFIAS'),
(29, 5082, 0, '2023-09-01', 21, 3, 633, 35, '10.01', 'EXTRACCION SIMPLE'),
(29, 10182, 0, '2023-09-01', 21, 3, 634, 36, '10.09', 'EXTRACCION DIENTE RETENIDO'),
(30, 3169, 0, '2023-09-01', 21, 3, 635, 1, '01.01', 'Consulta. Diagnóstico. Fichado y Plan de Tratamiento.'),
(30, 3339, 0, '2023-09-01', 21, 3, 636, 3, '01.04', 'Consulta de Urgencia.'),
(30, 6479, 600, '2023-09-01', 21, 3, 637, 0, '02.00', 'Obturación globalizada (con cualquier material de restauración utilizado)'),
(30, 10899, 600, '2023-09-01', 21, 3, 638, 16, '03.01', 'Tratamiento de Conducto en Unirradiculares. (Incluye Rx)'),
(30, 13619, 600, '2023-09-01', 21, 3, 639, 17, '03.02', 'Tratamiento de Conducto en Multirradiculares. (Incluye Rx)'),
(30, 4269, 600, '2023-09-01', 21, 3, 640, 20, '03.05', 'Biopulpectomía Parcial.'),
(30, 4269, 600, '2023-09-01', 21, 3, 641, 21, '03.06', 'Necropulpectomía Parcial o Momificación.'),
(30, 4500, 600, '2023-09-01', 21, 3, 642, 64, '04.04.01', 'Compostura Simple'),
(30, 6000, 600, '2023-09-01', 21, 3, 643, 65, '04.04.02', 'Compostura con agregado de dientes y retenedores'),
(30, 6900, 600, '2023-09-01', 21, 3, 644, 73, '04.04.10', 'Rebasado de prótesis'),
(30, 2739, 600, '2023-09-01', 21, 3, 645, 22, '05.01', 'Tartrectomía y cepillado mecánico.'),
(30, 3079, 600, '2023-09-01', 21, 3, 646, 23, '05.02', 'Consulta preventiva. Terapias fluoradas.'),
(30, 2909, 600, '2023-09-01', 21, 3, 647, 79, '05.05', 'Selladores de surcos, fosas y fisuras.'),
(30, 2909, 600, '2023-09-01', 21, 3, 648, 0, '05.06', 'Aplicación de cariostáticos en piezas dentarias permanentes.'),
(30, 3589, 600, '2023-09-01', 21, 3, 649, 24, '07.01', 'Consultas de Motivación.'),
(30, 6900, 600, '2023-09-01', 21, 3, 650, 25, '07.02', 'Mantenedor de espacio fijo o removble'),
(30, 8179, 600, '2023-09-01', 21, 3, 651, 26, '07.03', 'Reducción de Luxación con inmovilización dentaria.'),
(30, 4269, 600, '2023-09-01', 21, 3, 652, 27, '07.04', 'Tratamiento pulpar en Dientes Temporarios.'),
(30, 3079, 600, '2023-09-01', 21, 3, 653, 29, '08.01', 'Consulta de Estudio. Sondaje, Fichado, Diagnóstico y Pronóstico.'),
(30, 3419, 600, '2023-09-01', 21, 3, 654, 30, '08.02', 'Tratamiento de la gingivitis. (incluye arcada sup e inf)'),
(30, 4099, 600, '2023-09-01', 21, 3, 655, 31, '08.03', 'Tratamiento de la Enfermedad Periodontal. POR SECTOR 6 sectores'),
(30, 1549, 600, '2023-09-01', 21, 3, 656, 0, '09.01', 'Radiografía Periapical. Técnica de Cono Corto o Largo. Radiografía Bite-Wing.'),
(30, 2909, 600, '2023-09-01', 21, 3, 657, 0, '09.02', 'Radiografía Oclusal.'),
(30, 4269, 600, '2023-09-01', 21, 3, 658, 0, '09.03', 'Radiografías Dentales Media Seriada: de 5 a 7 películas.'),
(30, 5799, 600, '2023-09-01', 21, 3, 659, 0, '09.04', 'Radiografías Dentales Seriada: de 8 a 14 películas.'),
(30, 4099, 600, '2023-09-01', 21, 3, 660, 0, '09.05', 'Pantomografía o Radiografía Panorámica.'),
(30, 4099, 600, '2023-09-01', 21, 3, 661, 0, '09.06', 'Estudio Cefalométrico.'),
(30, 4099, 600, '2023-09-01', 21, 3, 662, 0, '09.07', 'TELE RADIOGRAFÍA'),
(30, 5799, 600, '2023-09-01', 21, 3, 663, 35, '10.01', 'Extracción dentaria.'),
(30, 6139, 600, '2023-09-01', 21, 3, 664, 103, '10.02', 'Plástica de Comunicación Buco-Sinusal.'),
(30, 6819, 600, '2023-09-01', 21, 3, 665, 104, '10.03', 'Biopsia por Punción o Aspiración o Escisión.'),
(30, 4269, 600, '2023-09-01', 21, 3, 666, 105, '10.04', 'Alveolectomía Estabilizadora.'),
(30, 7499, 600, '2023-09-01', 21, 3, 667, 106, '10.05', 'Reimplante Dentario Inmediato al Traumatismo con Inmovilización.'),
(30, 3079, 600, '2023-09-01', 21, 3, 668, 107, '10.06', 'Incisión y Drenaje de Abscesos.'),
(30, 7499, 600, '2023-09-01', 21, 3, 669, 109, '10.08', 'Extracción dentaria en retención mucosa.'),
(30, 14469, 600, '2023-09-01', 21, 3, 670, 36, '10.09', 'Extracción de dientes con retención ósea.'),
(30, 5969, 600, '2023-09-01', 21, 3, 671, 111, '10.11', 'Liberación de Dientes Retenidos.'),
(30, 7499, 600, '2023-09-01', 21, 3, 672, 112, '10.13', 'Tratamiento de la Osteomielitis.'),
(30, 5799, 600, '2023-09-01', 21, 3, 673, 113, '10.14', 'Extracción de Cuerpo Extraño.'),
(30, 4269, 600, '2023-09-01', 21, 3, 674, 114, '10.15', 'Alveolectomía Correctiva.'),
(30, 6819, 600, '2023-09-01', 21, 3, 675, 115, '10.16', 'Frenectomía.'),
(30, 4099, 600, '2023-09-01', 21, 3, 676, 0, '12.01', 'Consulta de Estamatología'),
(30, 15149, 600, '2023-09-01', 21, 3, 677, 110, '10.10', 'Germectomía.'),
(31, 3000, 0, '2023-09-01', 21, 3, 678, 1, '01.01', 'Consulta. Exámen. Diagnóstico.Fichado.Plan de tratamiento'),
(31, 5000, 0, '2023-09-01', 21, 3, 679, 3, '01.04', 'Consulta de urgencia. Prestación que no constituye paso intermedio de tratamient'),
(31, 1537, 0, '2023-09-01', 21, 3, 680, 0, '01.04.19', 'Kit EPP'),
(31, 4939, 0, '2023-09-01', 21, 3, 681, 5, '02.01', 'Obturación con amalgama.'),
(31, 5645, 0, '2023-09-01', 21, 3, 682, 6, '02.02', 'Obturación con composite.'),
(31, 12840, 0, '2023-09-01', 21, 3, 683, 16, '03.01', 'Tratamiento inflamatorio pulpar, biopulpectomía total, necrosis y gangrena. Unir'),
(31, 16050, 0, '2023-09-01', 21, 3, 684, 17, '03.02', 'Tratamiento inflamatorio pulpar, biopulpectomía total, necrosis y gangrena. Mult'),
(31, 4280, 0, '2023-09-01', 21, 3, 685, 20, '03.05', 'Biopulpectomía parcial'),
(31, 4815, 0, '2023-09-01', 21, 3, 686, 21, '03.06', 'Necropulpectomía parcial. Modificación'),
(31, 3210, 0, '2023-09-01', 21, 3, 687, 39, '03.07', 'Desobturación total de conductos para reejecución.'),
(31, 2568, 0, '2023-09-01', 21, 3, 688, 22, '05.01', 'Tartrectomía y cepillado mecánico'),
(31, 3074, 0, '2023-09-01', 21, 3, 689, 23, '05.02', 'Consulta preventiva periódica. Incluye cepillado previo y aplicación de flúor. P'),
(31, 2354, 0, '2023-09-01', 21, 3, 690, 79, '05.05', 'Selladores'),
(31, 4218, 0, '2023-09-01', 21, 3, 691, 0, '07.00', 'Consulta Madre embarazada (No es atención)'),
(31, 8089, 0, '2023-09-01', 21, 3, 692, 24, '07.01', 'Confección de ficha odontológica'),
(31, 23112, 0, '2023-09-01', 21, 3, 693, 25, '07.02', 'Mantenedor de espacio fijo'),
(31, 18490, 0, '2023-09-01', 21, 3, 694, 26, '07.03', 'Mantenedor de espacio removible'),
(31, 9129, 0, '2023-09-01', 21, 3, 695, 27, '07.04', 'Tratamiento de dientes primarios'),
(31, 17288, 0, '2023-09-01', 21, 3, 696, 28, '07.05', 'Corona metálica de acero ó similares'),
(31, 5547, 0, '2023-09-01', 21, 3, 697, 0, '07.06', 'Control de placa bacteriana - Enseñanza técnica higiene bucal'),
(31, 23112, 0, '2023-09-01', 21, 3, 698, 86, '07.06.01', 'Reducción de luxaciones'),
(31, 27734, 0, '2023-09-01', 21, 3, 699, 87, '07.06.02', 'Luxación total, reimplante e inmovilización dentaria'),
(31, 17334, 0, '2023-09-01', 21, 3, 700, 88, '07.06.03', 'Fractura amelodentinaria. Protección pulpar con coronas provisorias'),
(31, 8089, 0, '2023-09-01', 21, 3, 701, 0, '07.07', 'Colocación de barniz'),
(31, 3467, 0, '2023-09-01', 21, 3, 702, 0, '07.08', 'Colocación de flúor'),
(31, 5374, 0, '2023-09-01', 21, 3, 703, 0, '07.09', 'Inactivación de caries con cariostáticos por hemiacada'),
(31, 847, 0, '2023-09-01', 21, 3, 704, 34, '09.01.01', 'Radiografías intraorales'),
(34, 1930.7, 0, '2023-08-17', 21, 3, 705, 1, '01.01', 'Exámen   Diagnóstico   Fichado y Plan de Tratamiento.'),
(34, 2654.72, 0, '2023-08-17', 21, 3, 706, 38, '01.02', 'Consulta nocturna, Domingos y Feriados.'),
(34, 2051.37, 0, '2023-08-17', 21, 3, 707, 3, '01.04', 'Consultas de Urgencia: Prest.que no const.paso int. y/o final de trat. '),
(34, 1568.7, 0, '2023-08-17', 21, 3, 708, 0, '01.05', 'Certificado Bucodental'),
(34, 1206.69, 0, '2023-08-17', 21, 3, 709, 0, '01.07.01', 'EPP'),
(34, 4382.19, 0, '2023-08-17', 21, 3, 710, 5, '02.01', 'Amalgama Globalizado.'),
(34, 4990.83, 0, '2023-08-17', 21, 3, 711, 14, '02.15', 'Fotocurados Globalizado.'),
(34, 9653.52, 0, '2023-08-17', 21, 3, 712, 16, '03.01', 'Tratamiento unirradicular.'),
(34, 11463.6, 0, '2023-08-17', 21, 3, 713, 17, '03.02', 'Tratamiento multirradicular. Dos conductos'),
(34, 13273.6, 0, '2023-08-17', 21, 3, 714, 18, '03.03', 'Tratamiento multirradicular.Tres conductos'),
(34, 14480.3, 0, '2023-08-17', 21, 3, 715, 19, '03.04', 'Tratamiento multirradicular. Cuatro Conductos'),
(34, 3620.07, 0, '2023-08-17', 21, 3, 716, 20, '03.05', 'Biopulpectomía parcial.'),
(34, 3620.07, 0, '2023-08-17', 21, 3, 717, 21, '03.06', 'Necropulpectomía parcial. (Momificación).'),
(34, 2280.64, 0, '2023-08-17', 21, 3, 718, 121, '03.08', 'Protección pulpar directa'),
(34, 2191.1, 0, '2023-08-17', 21, 3, 719, 22, '05.01', 'Tartrectomía y cepillado mecánico.'),
(34, 2191.1, 0, '2023-08-17', 21, 3, 720, 23, '05.02', 'Consulta preventiva periódica. Cepillado previo y aplicación de fluor.'),
(34, 2191.1, 0, '2023-08-17', 21, 3, 721, 79, '05.05', 'Sellantes de puntos y fisuras. Por pieza dental.'),
(34, 2413.38, 0, '2023-08-17', 21, 3, 722, 24, '07.01', 'Motivación.'),
(34, 7964.15, 0, '2023-08-17', 21, 3, 723, 25, '07.02', 'Mantenedor de espacio fijo.'),
(34, 7481.48, 0, '2023-08-17', 21, 3, 724, 26, '07.03', 'Mantenedor de espacio removible.'),
(34, 3740.74, 0, '2023-08-17', 21, 3, 725, 27, '07.04', 'Tratamiento de dientes primarios con formocresol.'),
(34, 4826.76, 0, '2023-08-17', 21, 3, 726, 28, '07.05', 'Corona metálica de acero y similares.'),
(34, 2069.37, 0, '2023-08-17', 21, 3, 727, 29, '08.01', 'Consulta estudio   Diagnóstico   Pronóstico.'),
(34, 2775.39, 0, '2023-08-17', 21, 3, 728, 31, '08.03', 'Tratamiento de Periodontitis destructiva leve o moderada.Por sector '),
(34, 3258.06, 0, '2023-08-17', 21, 3, 729, 32, '08.04', 'Tratamiento de Periodontitis severa. Bolsas de  6 mm.Por sector'),
(34, 1810.04, 0, '2023-08-17', 21, 3, 730, 33, '08.05', 'Desgaste selectivo o armonización oclusal.'),
(34, 11222.2, 0, '2023-08-17', 21, 3, 731, 89, '08.06', 'Placas oclusales de acrílico removibles cualquier tipo.'),
(34, 7240.14, 0, '2023-08-17', 21, 3, 732, 90, '08.07', 'Placa protectora blanda siliconada.'),
(34, 730.37, 0, '2023-08-17', 21, 3, 733, 34, '09.01.01', 'Periapical. Técnicas de cono corto o cono largo.'),
(34, 724.01, 0, '2023-08-17', 21, 3, 734, 93, '09.01.02', 'Bite   wing'),
(34, 1086.02, 0, '2023-08-17', 21, 3, 735, 94, '09.01.03', 'Oclusal  6 x 8 cm.'),
(34, 3801.07, 0, '2023-08-17', 21, 3, 736, 95, '09.01.04', 'Media seriada de 7 películas.'),
(34, 6033.45, 0, '2023-08-17', 21, 3, 737, 96, '09.01.05', 'Seriada de 14 películas.'),
(34, 4826.76, 0, '2023-08-17', 21, 3, 738, 99, '09.02.03', 'Articulación temporo   mandibular. ( 6 tomas).'),
(34, 4223.42, 0, '2023-08-17', 21, 3, 739, 100, '09.02.04', 'Pantomografía.'),
(34, 4223.42, 0, '2023-08-17', 21, 3, 740, 101, '09.02.05', 'Telerradiografía cefalométrica.'),
(34, 5068.1, 0, '2023-08-17', 21, 3, 741, 102, '09.02.06', 'Sialografía.'),
(34, 2172.04, 0, '2023-08-17', 21, 3, 742, 0, '09.02.07', 'Trazados cefalométricos.'),
(34, 10498.2, 0, '2023-08-17', 21, 3, 743, 0, '09.03.05', 'TAC CONE BEAM 3D – MAXILAR'),
(34, 12549.6, 0, '2023-08-17', 21, 3, 744, 0, '09.03.08', 'TAC-DENTAL SCAN o DENTASCAN'),
(34, 5188.77, 0, '2023-08-17', 21, 3, 745, 0, '09.04.08', 'LAMINOGRAFIA PARA DISFUNCION DE ATM'),
(34, 4017.01, 0, '2023-08-17', 21, 3, 746, 35, '10.01', 'Extracción simple.'),
(34, 2413.38, 0, '2023-08-17', 21, 3, 747, 103, '10.02', 'Plástica de comunicación buco   sinusal.'),
(34, 2775.39, 0, '2023-08-17', 21, 3, 748, 104, '10.03', 'Biopsia por punción o aspiración.'),
(34, 3740.74, 0, '2023-08-17', 21, 3, 749, 106, '10.05', 'Reimplante dentario inmediato al traumatismo.'),
(34, 1810.04, 0, '2023-08-17', 21, 3, 750, 107, '10.06', 'Incisión y drenaje de abcesos por vía intrabucal.'),
(34, 3620.07, 0, '2023-08-17', 21, 3, 751, 108, '10.07', 'Biopsia por escisión.'),
(34, 1689.37, 0, '2023-08-17', 21, 3, 752, 109, '10.08', 'Alargamiento quirúrgico de la corona clínica.'),
(34, 13273.6, 0, '2023-08-17', 21, 3, 753, 36, '10.09', 'Extracción de dientes retenidos o restos radiculares reten.'),
(34, 11342.9, 0, '2023-08-17', 21, 3, 754, 110, '10.10', 'Germectomía.'),
(34, 3016.73, 0, '2023-08-17', 21, 3, 755, 111, '10.11', 'Liberación de dientes retenidos.'),
(34, 6636.8, 0, '2023-08-17', 21, 3, 756, 37, '10.12', 'Apicectomía.'),
(34, 4826.76, 0, '2023-08-17', 21, 3, 757, 112, '10.13', 'Tratamiento de osteomielitis.'),
(34, 2413.38, 0, '2023-08-17', 21, 3, 758, 115, '10.16', 'Frenectomía.'),
(34, 3620.07, 0, '2023-08-17', 21, 3, 759, 116, '10.17', 'Radectomía.'),
(34, 3620.07, 0, '2023-08-17', 21, 3, 760, 117, '10.18', 'Extracción por alveolectomía externa (complicación de extracción).'),
(35, 2400, 0, '2023-09-07', 21, 3, 761, 1, '01.01', 'Consulta examen- diagnóstico y fichado'),
(35, 2600, 0, '2023-09-07', 21, 3, 762, 3, '01.04', 'Consulta de urgencia'),
(35, 5900, 0, '2023-09-07', 21, 3, 763, 5, '02.01', 'Obturación globalizado'),
(35, 14700, 0, '2023-09-07', 21, 3, 764, 16, '03.01', 'Tratamiento unirradicular (no incluye rx.)'),
(35, 17700, 0, '2023-09-07', 21, 3, 765, 17, '03.02', 'Tratamiento multirradicular (no incluye rx.)'),
(35, 5200, 0, '2023-09-07', 21, 3, 766, 20, '03.05', 'Biopulpectomía parcial ( no incluye rx.)'),
(35, 4700, 0, '2023-09-07', 21, 3, 767, 21, '03.06', 'Necropulpectomia parcial'),
(35, 4800, 0, '2023-09-07', 21, 3, 768, 22, '05.01', 'Tartrectomía y cepillado mecánico. Hasta 13 años'),
(35, 3300, 0, '2023-09-07', 21, 3, 769, 24, '07.01', 'Consulta Motivación, enseñanza de cepillado'),
(35, 5700, 0, '2023-09-07', 21, 3, 770, 27, '07.04', 'Tratamiento con formocresol'),
(35, 6000, 0, '2023-09-07', 21, 3, 771, 30, '08.02', 'Tratamiento de gingivitis- incluye 05.01'),
(35, 1000, 0, '2023-09-07', 21, 3, 772, 34, '09.01.01', 'Periapical'),
(35, 6700, 0, '2023-09-07', 21, 3, 773, 35, '10.01', 'Extracción simple'),
(36, 2250, 0, '2023-09-07', 21, 3, 774, 1, '01.01', 'Consulta. Fichado. Plan de tratamiento'),
(36, 4500, 0, '2023-09-07', 21, 3, 775, 5, '02.01', 'Obturación amalgama globalizado'),
(36, 4500, 0, '2023-09-07', 21, 3, 776, 21, '03.06', 'Biopulpectomía parcial (valor rx. aparte)'),
(36, 2250, 0, '2023-09-07', 21, 3, 777, 23, '05.02', 'Consulta preventiva. Terapias fluoradas'),
(36, 2700, 0, '2023-09-07', 21, 3, 778, 79, '05.05', 'Sellador de puntos y fisuras'),
(36, 2250, 0, '2023-09-07', 21, 3, 779, 24, '07.01', 'Consulta de motivación'),
(36, 1350, 0, '2023-09-07', 21, 3, 780, 0, '09.01', 'Rx. Periapical'),
(36, 5625, 0, '2023-09-07', 21, 3, 781, 35, '10.01', 'Extracción dentaria'),
(37, 2583.6, 0, '2023-09-01', 21, 3, 787, 1, '01.01', 'Consulta Diagnostica Fichado y Plan de Tratamiento'),
(37, 2805.6, 0, '2023-09-01', 21, 3, 788, 3, '01.04', 'Consulta de Urgencia'),
(37, 2312.4, 0, '2023-09-01', 21, 3, 789, 0, '01.04.10', 'Insumo, preparación pre y post consulta de riesgo de exp bio        '),
(37, 5067.6, 0, '2023-09-01', 21, 3, 790, 14, '02.15', 'Obturación simple'),
(37, 8388, 0, '2023-09-01', 21, 3, 791, 15, '02.16', 'Obturación Compuesta'),
(37, 12301.2, 0, '2023-09-01', 21, 3, 792, 16, '03.01', 'Tratamiento de Cond Unirradicular (Incluye Rx)'),
(37, 16167.6, 0, '2023-09-01', 21, 3, 793, 17, '03.02', 'Tratamiento de Cond Multirradicular (Incluye Rx)                               '),
(37, 3805.2, 0, '2023-09-01', 21, 3, 794, 22, '05.01', 'Tartrectomia y cepillado mecánico                                                         '),
(37, 3891.6, 0, '2023-09-01', 21, 3, 795, 23, '05.02', 'Consulta preventiva – Terapia fluoradas                                                '),
(37, 3451.2, 0, '2023-09-01', 21, 3, 796, 79, '05.05', 'Sellador de surcos, fosas y fisuras                                                           '),
(37, 5572.8, 0, '2023-09-01', 21, 3, 797, 24, '07.01', 'Consulta de Motivación                                                                            '),
(37, 6346.8, 0, '2023-09-01', 21, 3, 798, 27, '07.04', 'Tratamiento con formocresol en dientes temporarios                      '),
(37, 7693.2, 0, '2023-09-01', 21, 3, 799, 30, '08.02', 'Tratamiento Gingivitis Marginal crónica                                               '),
(37, 1473.6, 0, '2023-09-01', 21, 3, 800, 34, '09.01.01', 'Radiografía periapical                                                                               '),
(37, 5082, 0, '2023-09-01', 21, 3, 801, 35, '10.01', 'Extracción simple                                                                                    '),
(37, 10182, 0, '2023-09-01', 21, 3, 802, 36, '10.09', 'Extracción de dientes con retención mucosa                                                 '),
(37, 19410, 0, '2023-09-01', 21, 3, 803, 118, '10.19', 'Extracción de dientes con retención ósea                                                      '),
(38, 1474, 1700, '2023-09-01', 21, 3, 804, 1, '01.01', 'Consulta. Diagnóstico. Fichado y Plan de Tratamiento.'),
(38, 1724, 1469, '2023-09-01', 21, 3, 805, 3, '01.04', 'Consulta de Urgencia.'),
(38, 4599, 1469, '2023-09-01', 21, 3, 806, 0, '02.00', 'Obturación globalizada (con cualquier material de restauración utilizado)'),
(38, 8599, 1469, '2023-09-01', 21, 3, 807, 16, '03.01', 'Tratamiento de Conducto en Unirradiculares. (Incluye Rx)'),
(38, 10474, 1469, '2023-09-01', 21, 3, 808, 17, '03.02', 'Tratamiento de Conducto en Multirradiculares. (Incluye Rx)'),
(38, 3099, 1469, '2023-09-01', 21, 3, 809, 20, '03.05', 'Biopulpectomía Parcial.'),
(38, 3099, 1469, '2023-09-01', 21, 3, 810, 21, '03.06', 'Necropulpectomía Parcial o Momificación.'),
(38, 1599, 1469, '2023-09-01', 21, 3, 811, 22, '05.01', 'Tartrectomía y cepillado mecánico.'),
(38, 1974, 1469, '2023-09-01', 21, 3, 812, 23, '05.02', 'Consulta preventiva. Terapias fluoradas.'),
(38, 1849, 1469, '2023-09-01', 21, 3, 813, 79, '05.05', 'Selladores de surcos, fosas y fisuras.'),
(38, 1849, 1469, '2023-09-01', 21, 3, 814, 0, '05.06', 'Aplicación de cariostáticos en piezas dentarias permanentes.'),
(38, 2349, 1469, '2023-09-01', 21, 3, 815, 24, '07.01', 'Consultas de Motivación.'),
(38, 6474, 1469, '2023-09-01', 21, 3, 816, 26, '07.03', 'Reducción de Luxación con inmovilización dentaria.'),
(38, 3099, 1469, '2023-09-01', 21, 3, 817, 27, '07.04', 'Tratamiento pulpar en Dientes Temporarios.'),
(38, 2099, 1469, '2023-09-01', 21, 3, 818, 29, '08.01', 'Consulta de Estudio. Sondaje, Fichado, Diagnóstico y Pronóstico.'),
(38, 2224, 1469, '2023-09-01', 21, 3, 819, 30, '08.02', 'Tratamiento de la gingivitis. (incluye arcada sup e inf)'),
(38, 2849, 1469, '2023-09-01', 21, 3, 820, 31, '08.03', 'Tratamiento de la Enfermedad Periodontal. POR SECTOR 6 sectores'),
(38, 724, 1469, '2023-09-01', 21, 3, 821, 0, '09.01', 'Radiografía Periapical. Técnica de Cono Corto o Largo. Radiografía Bite-Wing.'),
(38, 1849, 1469, '2023-09-01', 21, 3, 822, 0, '09.02', 'Radiografía Oclusal.'),
(38, 2974, 1469, '2023-09-01', 21, 3, 823, 0, '09.03', 'Radiografías Dentales Media Seriada: de 5 a 7 películas.'),
(38, 3974, 1469, '2023-09-01', 21, 3, 824, 0, '09.04', 'Radiografías Dentales Seriada: de 8 a 14 películas.'),
(38, 2724, 1469, '2023-09-01', 21, 3, 825, 0, '09.05', 'Pantomografía o Radiografía Panorámica.'),
(38, 2724, 1469, '2023-09-01', 21, 3, 826, 0, '09.06', 'Estudio Cefalométrico.'),
(38, 4349, 1469, '2023-09-01', 21, 3, 827, 35, '10.01', 'Extracción dentaria.'),
(38, 4474, 1469, '2023-09-01', 21, 3, 828, 103, '10.02', 'Plástica de Comunicación Buco-Sinusal.'),
(38, 5224, 1469, '2023-09-01', 21, 3, 829, 104, '10.03', 'Biopsia por Punción o Aspiración o Escisión.'),
(38, 3099, 1469, '2023-09-01', 21, 3, 830, 105, '10.04', 'Alveolectomía Estabilizadora.'),
(38, 5474, 1469, '2023-09-01', 21, 3, 831, 106, '10.05', 'Reimplante Dentario Inmediato al Traumatismo con Inmovilización.'),
(38, 1974, 1469, '2023-09-01', 21, 3, 832, 107, '10.06', 'Incisión y Drenaje de Abscesos.'),
(38, 5349, 1469, '2023-09-01', 21, 3, 833, 109, '10.08', 'Extracción dentaria en retención mucosa.'),
(38, 10474, 1469, '2023-09-01', 21, 3, 834, 36, '10.09', 'Extracción de dientes con retención ósea.'),
(38, 10849, 1469, '2023-09-01', 21, 3, 835, 110, '10.10', 'Germectomía.'),
(38, 4099, 1469, '2023-09-01', 21, 3, 836, 111, '10.11', 'Liberación de Dientes Retenidos.'),
(38, 5474, 1469, '2023-09-01', 21, 3, 837, 112, '10.13', 'Tratamiento de la Osteomielitis.'),
(38, 4224, 1469, '2023-09-01', 21, 3, 838, 113, '10.14', 'Extracción de Cuerpo Extraño.'),
(38, 3099, 1469, '2023-09-01', 21, 3, 839, 114, '10.15', 'Alveolectomía Correctiva.'),
(38, 5224, 1469, '2023-09-01', 21, 3, 840, 115, '10.16', 'Frenectomía.'),
(38, 2974, 1469, '2023-09-01', 21, 3, 841, 0, '12.01', 'Consulta de Estamatología'),
(39, 2700, 0, '2023-09-07', 21, 3, 842, 1, '01.01', '01.01 (consulta y fichado)'),
(39, 3000, 0, '2023-09-07', 21, 3, 843, 3, '01.04', '01.04 (consulta de urgencia)'),
(39, 6320, 0, '2023-09-07', 21, 3, 844, 0, '02.00', '02.00 (obturacion simple, compuesta o compleja)'),
(39, 8920, 0, '2023-09-07', 21, 3, 845, 12, '02.08', '02.08 (obturacion fotocurado sector anterior)'),
(39, 10950, 0, '2023-09-07', 21, 3, 846, 16, '03.01', '03.01 incluye dos rx (tratamiento de conducto unirradicular)'),
(39, 12990, 0, '2023-09-07', 21, 3, 847, 17, '03.02', '03.02 incluye dos rx (tratamiento de conducto multirradicular)'),
(39, 3810, 0, '2023-09-07', 21, 3, 848, 23, '05.02', '05.02 (consulta preventiva / fluor)'),
(39, 4990, 0, '2023-09-07', 21, 3, 849, 24, '07.01', '07.01 (consulta motivacion) '),
(39, 6720, 0, '2023-09-07', 21, 3, 850, 27, '07.04', '07.04 (formocresol en dientes temporarios)'),
(39, 7550, 0, '2023-09-07', 21, 3, 851, 30, '08.02', '08.02 (tratamiento de gingivitis)'),
(39, 1190, 0, '2023-09-07', 21, 3, 852, 0, '09.01', '09.01 (radiografia periapical o BITE-WING)'),
(39, 5610, 0, '2023-09-07', 21, 3, 853, 0, '09.05', '09.05 (radiografia panoramica)'),
(39, 5280, 0, '2023-09-07', 21, 3, 854, 35, '10.01', '10.01 (extraccion dentaria)'),
(39, 18080, 0, '2023-09-07', 21, 3, 855, 36, '10.09', '10.09 incluye dos rx (extraccion de dientes con retencion osea)'),
(39, 380, 0, '2023-09-07', 21, 3, 856, 0, '01.04.19', '01.04.19    Kit bioseguridad'),
(40, 1965.6, 0, '2023-09-07', 21, 3, 857, 1, '01.01', 'CONSULTA'),
(40, 2140.8, 0, '2023-09-07', 21, 3, 858, 3, '01.04', 'CONSULTA URGENCIA'),
(40, 4368, 0, '2023-09-07', 21, 3, 859, 5, '02.01', 'RESTAURACIONES PLÁSTICAS-AMALGAMA'),
(40, 4586.4, 0, '2023-09-07', 21, 3, 860, 6, '02.02', 'RESTAURACIONES PLÁSTICAS-FOTOCURADO'),
(40, 9354, 0, '2023-09-07', 21, 3, 861, 16, '03.01', 'TRATAMIENTO ENDODÓNTICO-UNIRRADICULAR (valor RX aparte)'),
(40, 13220.4, 0, '2023-09-07', 21, 3, 862, 17, '03.02', 'TRATAMIENTO ENDODÓNTICO-MULTIRRADICULAR (valor RX aparte)'),
(40, 3720, 0, '2023-09-07', 21, 3, 863, 20, '03.05', 'BIOPULPECTOMÍA PARCIAL'),
(40, 3840, 0, '2023-09-07', 21, 3, 864, 21, '03.06', 'MOMIFICACIÓN'),
(40, 3276, 0, '2023-09-07', 21, 3, 865, 22, '05.01', 'TARTECTOMÍA Y CEPILLADO MECÁNICO'),
(40, 3276, 0, '2023-09-07', 21, 3, 866, 23, '05.02', 'APLICACIÓN DE FLÚOR'),
(40, 3120, 0, '2023-09-07', 21, 3, 867, 79, '05.05', 'SELLANTES DE PUNTOS Y FISURAS'),
(40, 3494.4, 0, '2023-09-07', 21, 3, 868, 24, '07.01', 'MOTIVACIÓN ( HASTA 10 AÑOS)'),
(40, 4320, 0, '2023-09-07', 21, 3, 869, 0, '08.02.01', 'TRATAMIENTO DE GINGIVITIS-ARCADA SUPERIOR'),
(40, 4320, 0, '2023-09-07', 21, 3, 870, 0, '08.02.02', 'TRATAMIENTO DE GINGIVITIS-ARCADA INFERIOR'),
(40, 1004.4, 0, '2023-09-07', 21, 3, 871, 0, '09.01', 'PERIAPICAL'),
(40, 5023.2, 0, '2023-09-07', 21, 3, 872, 35, '10.01', 'EXTRACCIÓN SIMPLE'),
(40, 10182, 0, '2023-09-07', 21, 3, 873, 36, '10.09', 'EXTRACCIÓN DE DIENTES RETENIDOS'),
(40, 5400, 0, '2023-09-07', 21, 3, 874, 111, '10.11', 'LIBERACIÓN DE DIENTES RETENIDOS'),
(41, 3103, 0, '2023-09-01', 21, 3, 875, 1, '01.01', 'CONSULTA DIAGNÓSTICO FICHADO Y PLAN DE TRATAMIENTO'),
(41, 3724, 0, '2023-09-01', 21, 3, 876, 3, '01.04', 'CONSULTA DE URGENCIA'),
(41, 6208, 0, '2023-09-01', 21, 3, 877, 5, '02.01', 'OBTURACIÓN CAVIDAD SIMPLE'),
(41, 6208, 0, '2023-09-01', 21, 3, 878, 6, '02.02', 'OBTURACIÓN CAVIDAD COMPUESTA'),
(41, 6208, 0, '2023-09-01', 21, 3, 879, 7, '02.03', 'OBTURACIÓN CAVIDAD COMPLEJA'),
(41, 7450, 0, '2023-09-01', 21, 3, 880, 12, '02.08', 'OBTURACIÓN SIMPLE CON RESINA DE FOTOCURADO, SECTOR ANTERIOR');
INSERT INTO `items_os` (`id_os`, `precio`, `coseguro`, `fecha_ult_actualizacion`, `tasa_iva`, `cant_max_liq`, `id_itemos`, `id_item`, `codigo`, `desc_item`) VALUES
(41, 7884, 0, '2023-09-01', 21, 3, 881, 13, '02.09', 'RESTAURACIÓN COMPUESTA O COMPLEJA CON RESINA DE FOTOCURADO, SECTOR ANTERIOR'),
(41, 7450, 0, '2023-09-01', 21, 3, 882, 14, '02.15', 'OBTURACIÓN SIMPLE CON RESINA DE FOTOCURADO, SECTOR POSTERIOR'),
(41, 7884, 0, '2023-09-01', 21, 3, 883, 15, '02.16', 'RESTAURACIÓN COMPUESTA O COMPLEJA CON RESINA DE FOTOCURADO, SECTOR POSTERIOR'),
(41, 17381, 0, '2023-09-01', 21, 3, 884, 16, '03.01', 'TRATAMIENTO ENDODÓNTICO EN UNIRRADICULARES'),
(41, 22348, 0, '2023-09-01', 21, 3, 885, 17, '03.02', 'TRATAMIENTO ENDODÓNTICO EN MULTIRRADICULARES'),
(41, 17734, 0, '2023-09-01', 21, 3, 886, 18, '03.03', 'TRATAMIENTO ENDODONTICO EN TRIRRADICULARES'),
(41, 6208, 0, '2023-09-01', 21, 3, 887, 20, '03.05', 'BIOPULPECTOMÍA PARCIAL'),
(41, 7450, 0, '2023-09-01', 21, 3, 888, 21, '03.06', 'NECROPULPECTOMÍA PARCIAL O MOMIFICACIÓN'),
(41, 3477, 0, '2023-09-01', 21, 3, 889, 22, '05.01', 'TARTRECTOMÍA Y CEPILLADO MECÁNICO'),
(41, 3477, 0, '2023-09-01', 21, 3, 890, 23, '05.02', 'CONSULTA PREVENTIVA TERAPIAS FLUORADAS'),
(41, 3724, 0, '2023-09-01', 21, 3, 891, 78, '05.04', 'CONSULTA PREVENTIVA DETECCIÓN CONTROL DE PLACA BACTERIANA Y ENSEÑANZA DE TÉCNICA DE HIGIENE BUCAL'),
(41, 3474, 0, '2023-09-01', 21, 3, 892, 79, '05.05', 'SELLADORES DE SURCOS, FOSAS Y FISURAS'),
(41, 3474, 0, '2023-09-01', 21, 3, 893, 0, '05.06', 'APLICACIÓN DE CARIOSTÁTICOS EN PIEZAS DENTARIAS PERMANENTE'),
(41, 4345, 0, '2023-09-01', 21, 3, 894, 24, '07.01', 'CONSULTA DE MOTIVACIÓN'),
(41, 14889, 0, '2023-09-01', 21, 3, 895, 25, '07.02', 'MANTENEDOR  DE ESPACIO'),
(41, 6208, 0, '2023-09-01', 21, 3, 896, 27, '07.04', 'TRATAMIENTO EN DIENTES PRIMARIOS TEMPORALES CON FORMOCRESOL '),
(41, 9933, 0, '2023-09-01', 21, 3, 897, 28, '07.05', 'CORONA DE ACERO PROVISORIA POR DESTRUCCIÓN CORONARIA'),
(41, 17381, 0, '2023-09-01', 21, 3, 898, 0, '07.06', 'REIMPLANTE DENTARIO E INMOVILIZACIÓN POR LUXACIÓN TOTAL'),
(41, 6829, 0, '2023-09-01', 21, 3, 899, 0, '07.07', 'PROTECCIÓN PULPAR DIRECTA'),
(41, 3103, 0, '2023-09-01', 21, 3, 900, 29, '08.01', 'CONSULTA DE ESTUDIO SONDAJE FICHADO DIAGNÓSTICO Y PRONÓSTICO'),
(41, 3724, 0, '2023-09-01', 21, 3, 901, 30, '08.02', 'TRATAMIENTO DE GINGIVITIS'),
(41, 5586, 0, '2023-09-01', 21, 3, 902, 31, '08.03', 'TRATAMIENTO DE PERIODONTITIS DESTRUCTIVA LEVE O MODERADA'),
(41, 7450, 0, '2023-09-01', 21, 3, 903, 32, '08.04', 'TRATAMIENTO DE PERIODONTITIS DESTRUCTIVA SEVERA'),
(41, 3724, 0, '2023-09-01', 21, 3, 904, 33, '08.05', 'DESGASTE SELECTIVO O ARMONIZACIÓN OCLUSAL'),
(41, 1241, 0, '2023-09-01', 21, 3, 905, 34, '09.01.01', 'PERIAPICAL TÉCNICA DE CONO CORTO O CONO LARGO'),
(41, 1490, 0, '2023-09-01', 21, 3, 906, 93, '09.01.02', 'BITE-WING'),
(41, 2483, 0, '2023-09-01', 21, 3, 907, 94, '09.01.03', 'OCLUSAL 6 X 8 CM'),
(41, 5214, 0, '2023-09-01', 21, 3, 908, 95, '09.01.04', 'MEDIA SERIADA DE 7 PELÍCULAS TÉCNICAS DE CONO CORTO O CONO LARGO'),
(41, 7450, 0, '2023-09-01', 21, 3, 909, 96, '09.01.05', 'SERIADAS DE 14 PELÍCULAS TÉCNICAS DE CONO CORTO O CONO LARGO'),
(41, 5959, 0, '2023-09-01', 21, 3, 910, 100, '09.02.04', 'PANTOMOGRAFÍA'),
(41, 5959, 0, '2023-09-01', 21, 3, 911, 101, '09.02.05', 'TELE-RADIOGRAFÍA CEFALOMÉTRICA'),
(41, 6208, 0, '2023-09-01', 21, 3, 912, 35, '10.01', 'EXTRACCIÓN  DENTARIA'),
(41, 6084, 0, '2023-09-01', 21, 3, 913, 103, '10.02', 'PLÁSTICA DE COMUNICACIÓN BUCO-SINUSAL'),
(41, 5339, 0, '2023-09-01', 21, 3, 914, 104, '10.03', 'BIOPSIA POR PUNCIÓN O ASPIRACIÓN O ESCISIÓN'),
(41, 4966, 0, '2023-09-01', 21, 3, 915, 105, '10.04', 'ALVEOLECTOMÍA ESTABILIZADORA'),
(41, 7139, 0, '2023-09-01', 21, 3, 916, 109, '10.08', 'EXTRACCIÓN DENTARIA EN RETENCIÓN MUCOSA'),
(41, 15706, 0, '2023-09-01', 21, 3, 917, 36, '10.09', 'EXTRACCIÓN DE DIENTE CON RETENCIÓN ÓSEA'),
(41, 18624, 0, '2023-09-01', 21, 3, 918, 110, '10.10', 'GERMECTOMÍA'),
(41, 12416, 0, '2023-09-01', 21, 3, 919, 111, '10.11', 'LIBERACIÓN DE DIENTES RETENIDOS'),
(41, 7450, 0, '2023-09-01', 21, 3, 920, 37, '10.12', 'APICECTOMIA'),
(41, 5586, 0, '2023-09-01', 21, 3, 921, 112, '10.13', 'TRATAMIENTO DE OESTEOMIELITIS'),
(41, 1862, 0, '2023-09-01', 21, 3, 922, 113, '10.14', 'EXTRACCIÓN DE CUERPO EXTRAÑO'),
(41, 3570, 0, '2023-09-01', 21, 3, 923, 114, '10.15', 'AVEOLECTOMÍA CORRECTIVA'),
(41, 5961, 0, '2023-09-01', 21, 3, 924, 115, '10.16', 'FRENECTOMÍA'),
(41, 0, 0, '2023-09-01', 21, 3, 925, 89, '08.06', 'PLACAS OCLUSALES (TEMPORARIAS) DE ACRÍLICO REMOVIBLES'),
(41, 0, 0, '2023-09-01', 21, 3, 926, 0, '13.07', 'MODULO COVID 19 (ATENCION ODONT. + RESOLUCION TRATAMIENTO DE URGENCIA + KIT PROTECCION PERSONAL)- MOO'),
(41, 0, 0, '2023-09-07', 21, 3, 927, 8, '02.04', 'OBTURACIÓN CON TORNILLO EN CONDUCTO'),
(42, 3198, 0, '2023-09-01', 21, 3, 928, 1, '01.01', 'Examen diagnostico - fichado y plan de tratamiento'),
(42, 3628, 0, '2023-09-01', 21, 3, 929, 3, '01.04', 'Consulta de Urgencia'),
(42, 8635, 0, '2023-09-01', 21, 3, 930, 12, '02.08', 'Restauraciones'),
(42, 21047, 0, '2023-09-01', 21, 3, 931, 16, '03.01', 'Endodoncia unirradicular (incluye Rx. pre y post)'),
(42, 25803, 0, '2023-09-01', 21, 3, 932, 17, '03.02', 'Endodoncia multirradicular (incluye Rx. pre y post)'),
(42, 7310, 0, '2023-09-01', 21, 3, 933, 20, '03.05', 'Biopulpectomia parcial.'),
(42, 6672, 0, '2023-09-01', 21, 3, 934, 21, '03.06', 'Protección pulpar directa.'),
(42, 6882, 0, '2023-09-01', 21, 3, 935, 0, '00.31.04', 'Desobturación de conductos.'),
(42, 3078, 0, '2023-09-01', 21, 3, 936, 22, '05.01', 'Consulta preventiva periódica para mayores.'),
(42, 3412, 0, '2023-09-01', 21, 3, 937, 23, '05.02', 'Consulta preventiva periódica para menores.'),
(42, 3322, 0, '2023-09-01', 21, 3, 938, 78, '05.04', 'Detecci¾n, control de placa bacteriana y ense±anza de tÚcnicas de higie'),
(42, 2894, 0, '2023-09-01', 21, 3, 939, 79, '05.05', 'Sellador de fosas y fisuras auto y fotocurado.'),
(42, 2936, 0, '2023-09-01', 21, 3, 940, 0, '05.06', 'Cariotáticos mineralizantes.'),
(42, 4527, 0, '2023-09-01', 21, 3, 941, 24, '07.01', 'Consulta fichado y motivación.'),
(42, 23823, 0, '2023-09-01', 21, 3, 942, 25, '07.02', 'Mantenedor de espacio fijo.'),
(42, 8007, 0, '2023-09-01', 21, 3, 943, 27, '07.04', 'Tratamiento con formocresol en dentición temporaria.'),
(42, 23823, 0, '2023-09-01', 21, 3, 944, 28, '07.05', 'Corona metßlica de acero y similares.'),
(42, 3654, 0, '2023-09-01', 21, 3, 945, 29, '08.01', 'Consulta de estudio - Diagnóstico - Pronóstico y plan de tratamiento.'),
(42, 4143, 0, '2023-09-01', 21, 3, 946, 30, '08.02', 'Tratamiento de givingitis marginal cr¾nica.'),
(42, 4261, 0, '2023-09-01', 21, 3, 947, 31, '08.03', 'Tratamiento de periodontitis leve o moderada (por sector) bolsas hasta 5'),
(42, 5161, 0, '2023-09-01', 21, 3, 948, 32, '08.04', 'Tratamiento periodontitis destructiva severa (por sector) bolsas de 6 mm.'),
(42, 2103, 0, '2023-09-01', 21, 3, 949, 33, '08.05', 'Desgaste selectivo o armonizaci¾n oclusal.'),
(42, 2000, 0, '2023-09-01', 21, 3, 950, 34, '09.01.01', 'Periapical - TÚcnicas de cono corto o cono largo.'),
(42, 1764, 0, '2023-09-01', 21, 3, 951, 93, '09.01.02', 'Bite-Wing.'),
(42, 3000, 0, '2023-09-01', 21, 3, 952, 94, '09.01.03', 'Oclusal  6 x 8  cm.'),
(42, 6079, 0, '2023-09-01', 21, 3, 953, 95, '09.01.04', 'Media seriada de 7 peliculas.TÚcnicas de cono corto o cono largo.'),
(42, 8423, 0, '2023-09-01', 21, 3, 954, 96, '09.01.05', 'Seriadas de 14 peliculas. TÚcnicas de cono corto o cono largo.'),
(42, 7215, 0, '2023-09-01', 21, 3, 955, 100, '09.02.04', 'Pantomografia.'),
(42, 7215, 0, '2023-09-01', 21, 3, 956, 101, '09.02.05', 'Tele-radiografia cefalometrica.'),
(42, 7222, 0, '2023-09-01', 21, 3, 957, 0, '09.02.08', 'Trazados Cefalometricos'),
(42, 5428, 0, '2023-09-01', 21, 3, 958, 102, '09.02.06', 'Sialografia.'),
(42, 9900, 0, '2023-09-01', 21, 3, 959, 35, '10.01', 'Extracciún dentaria simple o restos radiculares.'),
(42, 5483, 0, '2023-09-01', 21, 3, 960, 104, '10.03', 'Biopsia por funci¾n o aspiraci¾n.'),
(42, 4173, 0, '2023-09-01', 21, 3, 961, 105, '10.04', 'Alveolectomia estabilizadora - 6 zonas - Por zona -'),
(42, 8313, 0, '2023-09-01', 21, 3, 962, 106, '10.05', 'Reimplante dentario inmediato al traumatismo.'),
(42, 3468, 0, '2023-09-01', 21, 3, 963, 107, '10.06', 'Incisi¾n y drenaje de abcesos por via intrabucal.'),
(42, 6702, 0, '2023-09-01', 21, 3, 964, 108, '10.07', 'Biopsia por escisi¾n.'),
(42, 3982, 0, '2023-09-01', 21, 3, 965, 109, '10.08', 'Alargamiento quirurgico de la corona clinica.'),
(42, 15000, 0, '2023-09-01', 21, 3, 966, 0, '10.09.01', 'Extracción de dientes y restos radiculares en retención mucosa.'),
(42, 25000, 0, '2023-09-01', 21, 3, 967, 0, '10.09.02', 'Extracción retenido óseo.'),
(42, 19797, 0, '2023-09-01', 21, 3, 968, 110, '10.10', 'Germectomia.'),
(42, 8833, 0, '2023-09-01', 21, 3, 969, 111, '10.11', 'Liberación de dientes retenidos.'),
(42, 10500, 0, '2023-09-01', 21, 3, 970, 37, '10.12', 'Apicectomia.'),
(42, 6667, 0, '2023-09-01', 21, 3, 971, 113, '10.14', 'Extracción de cuerpo extraño.'),
(42, 7919, 0, '2023-09-01', 21, 3, 972, 114, '10.15', 'Alveolectomia correctiva - Por zona -'),
(43, 2738, 0, '2023-09-01', 21, 3, 973, 1, '01.01', '01.01       Consulta. Fichado completo '),
(43, 1300, 0, '2023-09-01', 21, 3, 974, 0, '99.00.84', '99.00.84     Kit bioseguridad '),
(43, 6084, 0, '2023-09-01', 21, 3, 975, 5, '02.01', '02.01    Restauracion simple de pieza dentaria '),
(43, 9126, 0, '2023-09-01', 21, 3, 976, 6, '02.02', '02.02    Restauracion compuesta de pieza dentaria '),
(43, 10647, 0, '2023-09-01', 21, 3, 977, 13, '02.09', '02.09    Restauracion compleja de pieza dentaria '),
(43, 10647, 0, '2023-09-01', 21, 3, 978, 16, '03.01', '03.01    Tratamiento pulpar de un conducto (inclyue rx)'),
(43, 15210, 0, '2023-09-01', 21, 3, 979, 17, '03.02', '03.02    Tratamiento pulpar de dos conductos (inclyue rx) '),
(43, 18252, 0, '2023-09-01', 21, 3, 980, 18, '03.03', '03.03    Tratamiento pulpar de tres conductos (incluye rx) '),
(43, 3042, 0, '2023-09-01', 21, 3, 981, 76, '05.00', '05.00    Consulta preventiva y de relevamiento '),
(43, 3650, 0, '2023-09-01', 21, 3, 982, 23, '05.02', '05.02    Tratamiento con fluor'),
(43, 3650, 0, '2023-09-01', 21, 3, 983, 78, '05.04', '05.04    Enseñanza de técnicas de Higiene Oral y detección de placa'),
(43, 3955, 0, '2023-09-01', 21, 3, 984, 79, '05.05', '05.05    Sellantes de fosas y fisuras '),
(43, 4908, 0, '2023-09-01', 21, 3, 985, 24, '07.01', '07.01    Motivacion '),
(43, 5780, 0, '2023-09-01', 21, 3, 986, 0, '08.12', '08.12    Tratamiento de gingivitis por arcada'),
(43, 3650, 0, '2023-09-01', 21, 3, 987, 0, '08.13', '08.13    Enseñanza de téc. de Higiene Oral y detección  de placa'),
(43, 1521, 0, '2023-09-01', 21, 3, 988, 34, '09.01.01', '09.01.01    Rx. Periapical '),
(43, 6388, 0, '2023-09-01', 21, 3, 989, 35, '10.01', '10.01    Extraccion simple '),
(43, 16448, 0, '2023-09-01', 21, 3, 990, 36, '10.09', '10.09    Extraccion de dientes retenidos (incluye rx) '),
(45, 4214, 0, '2023-09-01', 21, 3, 991, 1, '01.01', 'Examen diagnostico - fichado y plan de tratamiento'),
(45, 6405, 0, '2023-09-01', 21, 3, 992, 38, '01.02', 'Consulta nocturna - domingo y feriado ( urgencias )'),
(45, 10450, 0, '2023-09-01', 21, 3, 993, 2, '01.03', 'Visita a Domicilio'),
(45, 4214, 0, '2023-09-01', 21, 3, 994, 3, '01.04', 'Consulta de urgencia - prestacion que no constituya paso intermedio de tratamien'),
(45, 2388, 0, '2023-09-01', 21, 3, 995, 0, '01.04.19', 'Kit de bioseguridad'),
(45, 597, 0, '2023-09-01', 21, 3, 996, 0, '01.04.20', 'Kit de bioseguridad - radiologia'),
(45, 1194, 0, '2023-09-01', 21, 3, 997, 0, '01.04.21', 'Kit de bioseguridad - ortodoncia y ortopedia'),
(45, 4214, 0, '2023-09-01', 21, 3, 998, 0, '01.06', 'Consulta preventiva periodica'),
(45, 7388, 0, '2023-09-01', 21, 3, 999, 5, '02.01', 'Obturación con amalgama: cavidad simple.'),
(45, 8849, 0, '2023-09-01', 21, 3, 1000, 6, '02.02', 'Obturacion con amalgama: cavidad compuesta  '),
(45, 10450, 0, '2023-09-01', 21, 3, 1001, 7, '02.03', 'Obturacion con amalgama: cavidad compleja'),
(45, 11902, 0, '2023-09-01', 21, 3, 1002, 8, '02.04', 'Obturación con amalgama: reconstruccion con tornillo en conducto.'),
(45, 10450, 0, '2023-09-01', 21, 3, 1003, 13, '02.09', 'Reconstruccion de angulo en dientes anteriores.'),
(45, 8849, 0, '2023-09-01', 21, 3, 1004, 14, '02.15', 'Obturacion simple con material estetico ( incluye fotocurado )'),
(45, 10422, 0, '2023-09-01', 21, 3, 1005, 15, '02.16', 'Obturacion compuesta con material estetico ( incluye fotocurado )'),
(45, 12417, 0, '2023-09-01', 21, 3, 1006, 0, '02.17', 'Composite compuesto con tornillo en conducto'),
(45, 14777, 0, '2023-09-01', 21, 3, 1007, 16, '03.01', 'Tratamiento de un conducto'),
(45, 17811, 0, '2023-09-01', 21, 3, 1008, 17, '03.02', 'Tratamiento de dos conductos'),
(45, 20677, 0, '2023-09-01', 21, 3, 1009, 18, '03.03', 'Tratamiento de tres conductos'),
(45, 23711, 0, '2023-09-01', 21, 3, 1010, 19, '03.04', 'Tratamiento de cuatro conductosuctos'),
(45, 9749, 0, '2023-09-01', 21, 3, 1011, 20, '03.05', 'Biopulpectomia parcial.'),
(45, 10420, 0, '2023-09-01', 21, 3, 1012, 21, '03.06', 'Necropulpectomia parcial ( momificacion )'),
(45, 24541, 0, '2023-09-01', 21, 3, 1013, 40, '04.01.01', 'Incrustaciones: cavidad simple.'),
(45, 44386, 0, '2023-09-01', 21, 3, 1014, 41, '04.01.02', 'Incrustaciones: cavidad compuesta o compleja.'),
(45, 14496, 0, '2023-09-01', 21, 3, 1015, 42, '04.01.03', 'Corona forjada.'),
(45, 47364, 0, '2023-09-01', 21, 3, 1016, 43, '04.01.04', 'Corona colada.'),
(45, 59304, 0, '2023-09-01', 21, 3, 1017, 44, '04.01.05', 'Corona colada con frente estético.'),
(45, 47364, 0, '2023-09-01', 21, 3, 1018, 45, '04.01.06', 'Corona espiga.'),
(45, 53235, 0, '2023-09-01', 21, 3, 1019, 46, '04.01.07', 'Corona colada revestida en acrilico.'),
(45, 23711, 0, '2023-09-01', 21, 3, 1020, 47, '04.01.08', 'Perno muñon simple.'),
(45, 26660, 0, '2023-09-01', 21, 3, 1021, 48, '04.01.09', 'Perno muñon seccionado.'),
(45, 35565, 0, '2023-09-01', 21, 3, 1022, 49, '04.01.10', 'Tramo de puente colado.'),
(45, 29610, 0, '2023-09-01', 21, 3, 1023, 50, '04.01.11', 'Corona de acrilico.'),
(45, 8821, 0, '2023-09-01', 21, 3, 1024, 51, '04.01.12', 'Elemento provisorio: por unidad.'),
(45, 35565, 0, '2023-09-01', 21, 3, 1025, 54, '04.01.15', 'Ataches'),
(45, 56185, 0, '2023-09-01', 21, 3, 1026, 55, '04.02.01', 'Prótesis parcial removible de acrilico hasta cuatro dientes.'),
(45, 73182, 0, '2023-09-01', 21, 3, 1027, 56, '04.02.02', 'Prótesis parcial removible de acrilico de cinco o más dientes.'),
(45, 88717, 0, '2023-09-01', 21, 3, 1028, 57, '04.02.03', 'Protesis parcial removible de cromo cobalto hasta cuatro dientes.'),
(45, 103719, 0, '2023-09-01', 21, 3, 1029, 58, '04.02.04', 'Protesis parcial removible de cromo cobalto de cinco o más dientes.'),
(45, 44386, 0, '2023-09-01', 21, 3, 1030, 59, '04.02.05', 'Prótesis parcial inmediata.'),
(45, 22194, 0, '2023-09-01', 21, 3, 1031, 0, '04.02.06', 'Protesis parcial inmediata ( hasta 3 piezas dentarias de un mismo sector )'),
(45, 94673, 0, '2023-09-01', 21, 3, 1032, 60, '04.03.01', 'Prótesis completa superior.'),
(45, 94673, 0, '2023-09-01', 21, 3, 1033, 61, '04.03.02', 'Prótesis completa inferior.'),
(45, 44386, 0, '2023-09-01', 21, 3, 1034, 62, '04.03.03', 'Prótesis completa inmediata.'),
(45, 10422, 0, '2023-09-01', 21, 3, 1035, 64, '04.04.01', 'Compostura simple.'),
(45, 11912, 0, '2023-09-01', 21, 3, 1036, 65, '04.04.02', 'Compostura con agregado de un diente.'),
(45, 11912, 0, '2023-09-01', 21, 3, 1037, 66, '04.04.03', 'Compostura con agregado de un retenedor.'),
(45, 16350, 0, '2023-09-01', 21, 3, 1038, 67, '04.04.04', 'Compostura simple con agregado de un diente y retenedor.'),
(45, 5928, 0, '2023-09-01', 21, 3, 1039, 68, '04.04.05', 'Diente subsiguiente c/u.'),
(45, 5928, 0, '2023-09-01', 21, 3, 1040, 69, '04.04.06', 'Retenedor subsiguiente c/u.'),
(45, 13344, 0, '2023-09-01', 21, 3, 1041, 70, '04.04.07', 'Soldado de retención en aparatos de cromo-cobalto'),
(45, 5928, 0, '2023-09-01', 21, 3, 1042, 71, '04.04.08', 'Retención subsiguiente.'),
(45, 11912, 0, '2023-09-01', 21, 3, 1043, 72, '04.04.09', 'Carilla de acrilico.'),
(45, 17811, 0, '2023-09-01', 21, 3, 1044, 73, '04.04.10', 'Rebasado de prótesis c/u.'),
(45, 8821, 0, '2023-09-01', 21, 3, 1045, 74, '04.04.11', 'Cubeta individual.'),
(45, 5281, 0, '2023-09-01', 21, 3, 1046, 22, '05.01', 'Tartrectomia y cepillado mecanico'),
(45, 6799, 0, '2023-09-01', 21, 3, 1047, 23, '05.02', 'Aplicacion de fluor, por tratamiento. Incluye cepillado previo y tartrectomia'),
(45, 5281, 0, '2023-09-01', 21, 3, 1048, 78, '05.04', 'Enseñanza de técnicas de higiene bucal. Incluye control de placa y test de susce'),
(45, 2388, 0, '2023-09-01', 21, 3, 1049, 79, '05.05', 'Sellantes de puntos y fisuras'),
(45, 9804, 0, '2023-09-01', 21, 3, 1050, 80, '06.01', 'Consulta de estudio.'),
(45, 227392, 0, '2023-09-01', 21, 3, 1051, 81, '06.02', 'Tratamiento de la dentición primaria o mixta.'),
(45, 90957, 0, '2023-09-01', 21, 3, 1052, 0, '06.02.01', 'Tratamiento de la denticion primaria o mixta ( primera etapa )'),
(45, 45479, 0, '2023-09-01', 21, 3, 1053, 0, '06.02.02', 'Tratamiento de la denticion primaria o mixta ( segunda etapa )'),
(45, 90957, 0, '2023-09-01', 21, 3, 1054, 0, '06.02.03', 'Tratamiento de la denticion primaria o mixta ( tercera etapa )'),
(45, 412381, 0, '2023-09-01', 21, 3, 1055, 82, '06.03', 'Tratamiento de la dentición permanente.'),
(45, 164952, 0, '2023-09-01', 21, 3, 1056, 0, '06.03.01', 'Tratamiento de la denticion permanente (primera etapa)'),
(45, 82477, 0, '2023-09-01', 21, 3, 1057, 0, '06.03.02', 'Tratamiento de la denticion permanente ( segunda etapa )'),
(45, 164952, 0, '2023-09-01', 21, 3, 1058, 0, '06.03.03', 'Tratamiento de la denticion permanente (tercera etapa)'),
(45, 42308, 0, '2023-09-01', 21, 3, 1059, 83, '06.04', 'Corrección de malposiciones simples con espacio.'),
(45, 3567, 0, '2023-09-01', 21, 3, 1060, 24, '07.01', 'Motivacion ( hasta tres consultas ). Incluye primera y ficha hasta 13 años'),
(45, 14777, 0, '2023-09-01', 21, 3, 1061, 25, '07.02', 'Mantenedor de espacio fijo.'),
(45, 13344, 0, '2023-09-01', 21, 3, 1062, 26, '07.03', 'Mantenedor de espacio removible.'),
(45, 7388, 0, '2023-09-01', 21, 3, 1063, 27, '07.04', 'Tratamiento de dientes primarios con formocresol'),
(45, 10422, 0, '2023-09-01', 21, 3, 1064, 28, '07.05', 'Corona de acero y similares.'),
(45, 6771, 0, '2023-09-01', 21, 3, 1065, 86, '07.06.01', 'Reducción de luxación con inmovilización dentaria.'),
(45, 11912, 0, '2023-09-01', 21, 3, 1066, 87, '07.06.02', 'Luxación total ( Reimplante ) o inmovilización dentaria.'),
(45, 7501, 0, '2023-09-01', 21, 3, 1067, 0, '07.06.04', 'Fractura amelodentinaria. Protección pulpar con coronas provisorias.'),
(45, 5928, 0, '2023-09-01', 21, 3, 1068, 29, '08.01', 'Consulta de estudio - Diagnostico - Pronostico'),
(45, 10422, 0, '2023-09-01', 21, 3, 1069, 30, '08.02', 'Tratamiento de gingivitis marginal crónica.'),
(45, 7697, 0, '2023-09-01', 21, 3, 1070, 31, '08.03', 'Tratamiento de periodontitis destructiva leve o moderada. Bolsas hasta 5mm. Por'),
(45, 9524, 0, '2023-09-01', 21, 3, 1071, 32, '08.04', 'Tratamiento periodontitis destructiva severa. Bolsas de 6 mm. o mas. Por sector'),
(45, 5928, 0, '2023-09-01', 21, 3, 1072, 33, '08.05', 'Desgaste selectivo o armonización oclusal.'),
(45, 23711, 0, '2023-09-01', 21, 3, 1073, 0, '08.06.00', 'Placas oclusales ( para bruxismo ) removibles de acrilico termocurado'),
(45, 16631, 0, '2023-09-01', 21, 3, 1074, 0, '08.06.01', 'Placas oclusales ( para bruxismo ) removibles termoplasticas'),
(45, 10956, 0, '2023-09-01', 21, 3, 1075, 90, '08.07', 'Mantenimiento de tratamiento periodontal'),
(45, 1377, 0, '2023-09-01', 21, 3, 1076, 34, '09.01.01', 'Periapical - Técnicas de cono corto o cono largo.'),
(45, 1377, 0, '2023-09-01', 21, 3, 1077, 93, '09.01.02', 'Bite-Wing.'),
(45, 3315, 0, '2023-09-01', 21, 3, 1078, 94, '09.01.03', 'Oclusal  6 x 8  cm.'),
(45, 5759, 0, '2023-09-01', 21, 3, 1079, 95, '09.01.04', 'Media seriada de 7 peliculas.Técnicas de cono corto o cono largo.'),
(45, 9495, 0, '2023-09-01', 21, 3, 1080, 96, '09.01.05', 'Seriadas de 14 peliculas. Técnicas de cono corto o cono largo.'),
(45, 4467, 0, '2023-09-01', 21, 3, 1081, 97, '09.02.01', 'Extraorales - Primera exposición.'),
(45, 3961, 0, '2023-09-01', 21, 3, 1082, 98, '09.02.02', 'Extraorales - Por exposición subsiguientes.'),
(45, 8849, 0, '2023-09-01', 21, 3, 1083, 99, '09.02.03', 'Articulación temporo-maxilar ( 6 tomas )'),
(45, 5928, 0, '2023-09-01', 21, 3, 1084, 100, '09.02.04', 'Pantomografia ( radiografia panoramica )'),
(45, 5928, 0, '2023-09-01', 21, 3, 1085, 101, '09.02.05', 'Telerradiografia cefalometrica.'),
(45, 17811, 0, '2023-09-01', 21, 3, 1086, 102, '09.02.06', 'Sialografia.'),
(45, 7388, 0, '2023-09-01', 21, 3, 1087, 35, '10.01', 'Extracci£n dentaria'),
(45, 4467, 0, '2023-09-01', 21, 3, 1088, 103, '10.02', 'Plastica de comunicaci¢n buco-sinusal como riesgo previsto'),
(45, 4467, 0, '2023-09-01', 21, 3, 1089, 104, '10.03', 'Biopsia por punción o aspiración.'),
(45, 5928, 0, '2023-09-01', 21, 3, 1090, 105, '10.04', 'Alveolectomia estabilizadora ( 6 zonas ) Por zona'),
(45, 8119, 0, '2023-09-01', 21, 3, 1091, 106, '10.05', 'Reimplante dentario inmediato al traumatismo.'),
(45, 4719, 0, '2023-09-01', 21, 3, 1092, 107, '10.06', 'Incisión y drenaje de abcesos por via intrabucal.'),
(45, 11912, 0, '2023-09-01', 21, 3, 1093, 108, '10.07', 'Biopsia por escisión.'),
(45, 4467, 0, '2023-09-01', 21, 3, 1094, 109, '10.08', 'Alargamiento quirurgico de la corona clinica.'),
(45, 16575, 0, '2023-09-01', 21, 3, 1095, 0, '10.09.01', 'Extraccion de dientes retenidos o restos radiculares retenidos submucosos'),
(45, 23711, 0, '2023-09-01', 21, 3, 1096, 0, '10.09.02', 'Extraccion de dientes retenidos o restos radiculares retenidos intraoseos'),
(45, 26548, 0, '2023-09-01', 21, 3, 1097, 110, '10.10', 'Germectomia.'),
(45, 7388, 0, '2023-09-01', 21, 3, 1098, 111, '10.11', 'Liberacion de dientes retenidos.'),
(45, 16799, 0, '2023-09-01', 21, 3, 1099, 37, '10.12', 'Apicectomia.'),
(45, 23711, 0, '2023-09-01', 21, 3, 1100, 112, '10.13', 'Tratamiento de osteomielitis.'),
(45, 16321, 0, '2023-09-01', 21, 3, 1101, 113, '10.14', 'Extraccion de cuerpo extraño.'),
(45, 5928, 0, '2023-09-01', 21, 3, 1102, 114, '10.15', 'Alveolectomia correctiva ( 6 zonas ) Por zona'),
(45, 5928, 0, '2023-09-01', 21, 3, 1103, 115, '10.16', 'Frenectomia'),
(45, 6461, 0, '2023-09-01', 21, 3, 1104, 116, '10.17', 'Radectomia'),
(46, 3218, 0, '2023-09-14', 21, 3, 1105, 1, '01.01', 'Examen  –  diagnostico  –  fichado  y\nplan de tratamiento'),
(46, 4330, 0, '2023-08-13', 21, 3, 1106, 3, '01.04', 'Consulta   no   programada   o   de\nurgencia'),
(46, 5095, 0, '2023-08-13', 21, 3, 1107, 5, '02.01', 'Obturación con amalgama cavidad\nsimple'),
(46, 6811, 0, '2023-08-13', 21, 3, 1108, 6, '02.02', 'Obturación con amalgama cavidad\ncompuesta'),
(46, 10706, 0, '2023-08-13', 21, 3, 1109, 13, '02.09', 'Obturación  con  material  estético\ncomplejo fotocurado.'),
(46, 8873, 0, '2023-08-13', 21, 3, 1110, 14, '02.15', 'Obturación  con  material  estético\nfotocurado cav. Simple'),
(46, 10706, 0, '2023-08-13', 21, 3, 1111, 15, '02.16', 'Obturación  con  material  estético\nfotocurado cav. comp.'),
(46, 15373, 0, '2023-08-13', 21, 3, 1112, 16, '03.01', 'Tratamiento                            pulpar,\nnecrosis/gangrena unirradicular'),
(46, 24668, 0, '2023-08-13', 21, 3, 1113, 17, '03.02', 'Tratamiento                            pulpar,\nnecrosis/gangrena birrad.'),
(46, 28868, 0, '2023-08-13', 21, 3, 1114, 18, '03.03', 'Tratamiento                  inflamatorio\npulpar,necrosis/gangrena 3 o mas'),
(46, 35572, 0, '2023-08-13', 21, 3, 1115, 19, '03.04', 'Tratamientode 4 o mas conductos'),
(46, 11374, 0, '2023-08-13', 21, 3, 1116, 20, '03.05', 'Biopulpectomia parcial (no incluye\nvalor de rx'),
(46, 11369, 0, '2023-08-13', 21, 3, 1117, 21, '03.06', 'Necropulpectomia        parcial        –\nmomificación'),
(46, 6523, 0, '2023-08-13', 21, 3, 1118, 22, '05.01', 'Tartrectomia y cepillado mecánico\nambas arcadas.'),
(46, 2904, 0, '2023-08-13', 21, 3, 1119, 23, '05.02', 'Consulta            preventiva            de\nrelevamiento. Topicación con'),
(46, 3809, 0, '2023-08-13', 21, 3, 1120, 79, '05.05', 'Sellantes  de  puntos  y  fisuras  por\npieza dental'),
(46, 7657, 0, '2023-08-13', 21, 3, 1121, 24, '07.01', 'Motivación   en   menores   de   13\naños'),
(46, 17837, 0, '2023-08-13', 21, 3, 1122, 25, '07.02', 'Mantenedor de espacio fijo'),
(46, 13839, 0, '2023-08-13', 21, 3, 1123, 26, '07.03', 'Mantenedor de espacio removible'),
(46, 9476, 0, '2023-08-13', 21, 3, 1124, 27, '07.04', 'Tratamiento  de  dientes  primarios\ncon formocresol'),
(46, 4375, 0, '2023-08-13', 21, 3, 1126, 29, '08.01', 'Consulta  y  diagnostico  con  ficha\nperiodontal'),
(46, 4664, 0, '2023-08-13', 21, 3, 1127, 30, '08.02', 'Tratamiento     de     gingivitis     por\narcada'),
(46, 8967, 0, '2023-08-13', 21, 3, 1128, 31, '08.03', 'Tratamiento      de      periodontitis\ndestructiva leve o severa'),
(46, 8044, 0, '2023-08-13', 21, 3, 1135, 35, '10.01', 'Extracción dentaria'),
(46, 7706, 0, '2023-08-13', 21, 3, 1136, 103, '10.02', 'Platica    de    comunicación    buco-\nsinusal'),
(46, 6770, 0, '2023-08-13', 21, 3, 1137, 104, '10.03', 'Biopsia por punción o aspiración'),
(46, 6712, 0, '2023-08-13', 21, 3, 1138, 105, '10.04', 'Alveolectomía   estabilizadora   por\nzona. 6 zonas'),
(46, 7489, 0, '2023-08-13', 21, 3, 1139, 106, '10.05', 'Reimplante  dentario  inmediato  al\ntraumatismo'),
(46, 8022, 0, '2023-08-13', 21, 3, 1140, 107, '10.06', 'Incisión y drenaje de abscesos por\nvía intrabucal'),
(46, 7489, 0, '2023-08-13', 21, 3, 1141, 108, '10.07', 'Biopsia por escisión'),
(46, 7502, 0, '2023-08-13', 21, 3, 1142, 109, '10.08', 'Alargamiento    quirúrgico    de    la\ncorona clínica'),
(46, 21519, 0, '2023-09-07', 21, 3, 1145, 110, '10.10', 'Germectomía (no incluye valor rx)'),
(46, 8408, 0, '2023-08-13', 21, 3, 1146, 111, '10.11', 'Liberación de dientes retenidos'),
(46, 10953, 0, '2023-08-13', 21, 3, 1147, 37, '10.12', 'Apicectomia (no incluye valor rx)'),
(46, 11798, 0, '2023-08-13', 21, 3, 1148, 112, '10.13', 'Tratamiento de osteomielitis'),
(46, 18577, 0, '2023-08-13', 21, 3, 1149, 113, '10.14', 'Extracción de cuerpo extraño'),
(46, 6712, 0, '2023-08-13', 21, 3, 1150, 114, '10.15', 'Alveolectomia  correctiva  por zona\n(6zonas)'),
(46, 9253, 0, '2023-08-13', 21, 3, 1151, 117, '10.18', 'Extracción      con      alveolectomia\nexterna'),
(48, 2584, 0, '2023-09-07', 21, 3, 1187, 1, '01.01', 'CONSULTA ODONTOLOGICA'),
(48, 2806, 0, '2023-09-07', 21, 3, 1188, 3, '01.04', 'CONSULTA ODONT DE URGENCIA'),
(48, 4722, 0, '2023-09-07', 21, 3, 1189, 5, '02.01', 'RESTAURACIONES'),
(48, 6874, 0, '2023-09-07', 21, 3, 1190, 6, '02.02', 'OBTURACION C/AMALGAMA CAVIDAD COMPUESTA'),
(48, 9534, 0, '2023-09-07', 21, 3, 1191, 16, '03.01', 'TRATAMIENTO UNIRRADICULAR'),
(48, 13220, 0, '2023-09-07', 21, 3, 1192, 17, '03.02', 'TRATAMIENTO BIRRADICULAR'),
(48, 3805, 0, '2023-09-07', 21, 3, 1193, 22, '05.01', 'LIMPIEZA'),
(48, 3892, 0, '2023-09-07', 21, 3, 1194, 23, '05.02', 'CONDUCTA PREVENTIVA'),
(48, 3451, 0, '2023-09-07', 21, 3, 1195, 79, '05.05', 'SELLADORES'),
(48, 5573, 0, '2023-09-07', 21, 3, 1196, 24, '07.01', 'MOTIVACION'),
(48, 6347, 0, '2023-09-07', 21, 3, 1197, 27, '07.04', 'TRATAMIENTO DE DIENTES CON FORMOCRESOL'),
(48, 7693, 0, '2023-09-07', 21, 3, 1198, 30, '08.02', 'TRATAMIENTO DE GINGIVITIS'),
(48, 1474, 0, '2023-09-07', 21, 3, 1199, 0, '09.01', 'RADIPOGRAFIAS'),
(48, 5082, 0, '2023-09-07', 21, 3, 1200, 35, '10.01', 'EXTRACCION SIMPLE'),
(48, 10182, 0, '2023-09-07', 21, 3, 1201, 36, '10.09', 'EXTRACCION DIENTE RETENIDO'),
(49, 1852.01, 0, '2023-09-01', 21, 3, 1202, 1, '01.01', 'EXAMEN DIAGNOSTICO, FICHADO Y PLAN DE TRATAMIENTO'),
(49, 1757.9, 0, '2023-09-01', 21, 3, 1203, 3, '01.04', 'CONSULTA DE URGENCIA'),
(49, 1757.9, 0, '2023-09-01', 21, 3, 1204, 0, '01.05', 'CONSULTA PREVENTIVA Y PERIODICA EN EMBARAZADAS.'),
(49, 1757.9, 0, '2023-09-01', 21, 3, 1205, 0, '01.06', 'INTERCONSULTA CON ESPECIALISTA.'),
(49, 1757.9, 0, '2023-09-01', 21, 3, 1206, 0, '01.08', 'CEMENTADO DE CORONA.'),
(49, 1757.9, 0, '2023-09-01', 21, 3, 1207, 120, '01.09', 'CONSULTA DE CONTROL POST ENDODONCIA.'),
(49, 1757.9, 0, '2023-09-01', 21, 3, 1208, 0, '01.11', 'CONSULTA PRE QUIRURGICA.'),
(49, 6481.2, 0, '2023-09-01', 21, 3, 1209, 13, '02.09', 'RECONSTRUCCION DE ANGULO EN PIEZAS ANTERIORES Y CON TORNILLOEN POSTERIORES.'),
(49, 6481.2, 0, '2023-09-01', 21, 3, 1210, 0, '02.22', 'RESTAURACIONES.'),
(49, 11400, 0, '2023-09-01', 21, 3, 1211, 16, '03.01', 'BIOPULPECTOMIA TOTAL EN UNIRRADICULARES.'),
(49, 15200, 0, '2023-09-01', 21, 3, 1212, 17, '03.02', 'BIOPULPECTOMIA TOTAL EN MULTIRRADICULARES.'),
(49, 2235.32, 0, '2023-09-01', 21, 3, 1213, 18, '03.03', 'DESOBTURACION DE CONDUCTOS.'),
(49, 2346.85, 0, '2023-09-01', 21, 3, 1214, 20, '03.05', 'MOMIFICACION - BIOPULPECTOMIA PARCIAL'),
(49, 2132.69, 0, '2023-09-01', 21, 3, 1215, 21, '03.06', 'PROTECCION PULPAR DIRECTA'),
(49, 2346.85, 0, '2023-09-01', 21, 3, 1216, 39, '03.07', 'ACOPIO DE PASTA ALCALINA.'),
(49, 2698.67, 0, '2023-09-01', 21, 3, 1217, 78, '05.04', 'MODULO DE PREVENCION.'),
(49, 2698.67, 0, '2023-09-01', 21, 3, 1218, 0, '05.04.01', 'MANTENIMIENTO DE TRATAMIENTO PERIODONTAL'),
(49, 2630.37, 0, '2023-09-01', 21, 3, 1219, 79, '05.05', 'SELLANTES DE FOSAS Y FISURAS'),
(49, 950.37, 0, '2023-09-01', 21, 3, 1220, 0, '05.06', 'TRATAMIENTO CON CARIOSTATICOS REMINERALIZANTES EN PIEZAS TEMPORARIAS.'),
(49, 1833.67, 0, '2023-09-01', 21, 3, 1221, 24, '07.01', 'CONSULTA, FICHADO Y MOTIVACION'),
(49, 2003.3, 0, '2023-09-01', 21, 3, 1222, 27, '07.04', 'TRATAMIENTO CON FORMOCRESOL EN DENTICION TEMPORARIA'),
(49, 3091.95, 0, '2023-09-01', 21, 3, 1223, 86, '07.06.01', 'REDUCCION DE LUXACION O AVULSION CON INMOVILIZACION DENTARIA'),
(49, 1784.67, 0, '2023-09-01', 21, 3, 1224, 29, '08.01', 'CONSULTA DE ESTUDIO - DIAGNOSTICO- PRONOSTICO Y PLAN DE TRATAMIENTO'),
(49, 2893.92, 0, '2023-09-01', 21, 3, 1225, 30, '08.02', 'TRATAMIENTO DE GINGIVITIS.'),
(49, 2471.77, 0, '2023-09-01', 21, 3, 1226, 31, '08.03', 'TRATAMIENTO DE ENFERMEDAD PERIODONTAL LEVE Y MODERADA(6 SEC-TORES)'),
(49, 3007.18, 0, '2023-09-01', 21, 3, 1227, 32, '08.04', 'TRATAMIENTO DE ENFERMEDAD PERIODONTAL SEVERA(6 SECTORES).'),
(49, 3199.06, 0, '2023-09-01', 21, 3, 1228, 0, '08.04.01', 'SUMATORIA DE PIEZAS(SP)'),
(49, 1070.83, 0, '2023-09-01', 21, 3, 1229, 33, '08.05', 'DESGASTE SELECTIVO O ARMONIZACION OCLUSAL'),
(49, 876.4, 0, '2023-09-01', 21, 3, 1230, 34, '09.01.01', 'RADIOGRAFIA PERIAPICAL O RVG(RADIOVISIOGRAFIA)'),
(49, 785.31, 0, '2023-09-01', 21, 3, 1231, 93, '09.01.02', 'BITE-WING'),
(49, 999.38, 0, '2023-09-01', 21, 3, 1232, 94, '09.01.03', 'OCLUSAL DE 6 X 8 CM.'),
(49, 2418.27, 0, '2023-09-01', 21, 3, 1233, 95, '09.01.04', 'MEDIA SERIADA.'),
(49, 4033.39, 0, '2023-09-01', 21, 3, 1234, 96, '09.01.05', 'SERIADA.'),
(49, 4989.58, 0, '2023-09-01', 21, 3, 1235, 35, '10.01', 'EXTRACCION DENTARIA'),
(49, 2418.27, 0, '2023-09-01', 21, 3, 1236, 103, '10.02', 'PLASTICA DE COMUNICACION BUCO-SINUSAL COMO RIESGO PREVISTO SIMULTANEA A AL EXTRACCION.'),
(49, 2819.84, 0, '2023-09-01', 21, 3, 1237, 104, '10.03', 'BIOPSIA POR PUNCION, ASPIRACION O ESCISION'),
(49, 1860.59, 0, '2023-09-01', 21, 3, 1238, 105, '10.04', 'ALVEOLECTOMIA CORRECTIVA O ESTABILIZADORA Y REGULARIZADORA POR ZONA(SEIS ZONAS)'),
(49, 1494.68, 0, '2023-09-01', 21, 3, 1239, 107, '10.06', 'INCISION Y DRENAJE DE ABCESOS POR VIA BUCAL'),
(49, 1200.25, 0, '2023-09-01', 21, 3, 1240, 109, '10.08', 'ALARGAMIENTO QUIRURGICO DE CORONA CLINICA'),
(49, 12569.5, 0, '2023-09-01', 21, 3, 1241, 36, '10.09', 'EXTRACCION DE PIEZAS EN RETENCION OSEA.'),
(49, 6745.34, 0, '2023-09-01', 21, 3, 1242, 114, '10.15', 'EXTRACCION DE PIEZAS EN RETENCION MUCOSA.'),
(49, 2712.67, 0, '2023-09-01', 21, 3, 1243, 115, '10.16', 'RADECTOMIA U ODONTOSECCION.'),
(49, 2052.36, 0, '2023-09-01', 21, 3, 1244, 116, '10.17', 'LIBERACION DE PIEZAS EN RETENCION MUCOSA.'),
(49, 2052.36, 0, '2023-09-01', 21, 3, 1245, 117, '10.18', 'ELIMINACION DE HIPERPLASIAS.'),
(49, 2065.82, 0, '2023-09-01', 21, 3, 1246, 118, '10.19', 'FRENECTOMIA.'),
(49, 4484.06, 0, '2023-09-01', 21, 3, 1247, 119, '10.20', 'EXTRACCION POR ALVEOLECTOMIA EXTERNA'),
(49, 6201.8, 0, '2023-09-01', 21, 3, 1248, 0, '10.21', 'APICECTOMIA CON OBTURACION RETROGRADA Y/O ENUCLEACION DE QUISTE.'),
(50, 2279.78, 0, '2023-09-08', 21, 3, 1249, 1, '01.01', 'EXAMEN DIAGNOSTICO, FICHADO Y PLAN DE TRATAMIENTO'),
(50, 1838.22, 0, '2023-09-08', 21, 3, 1250, 3, '01.04', 'CONSULTA DE URGENCIA'),
(50, 1838.22, 0, '2023-09-08', 21, 3, 1251, 0, '01.05', 'CONSULTA PREVENTIVA Y PERIODICA EN EMBARAZADAS.'),
(50, 1838.22, 0, '2023-09-08', 21, 3, 1252, 0, '01.06', 'INTERCONSULTA CON ESPECIALISTA.'),
(50, 2163.93, 0, '2023-09-08', 21, 3, 1253, 0, '01.08', 'CEMENTADO DE CORONA.'),
(50, 1838.22, 0, '2023-09-08', 21, 3, 1254, 120, '01.09', 'CONSULTA DE CONTROL POST ENDODONCIA.'),
(50, 1838.22, 0, '2023-09-08', 21, 3, 1255, 0, '01.11', 'CONSULTA PRE QUIRURGICA.'),
(50, 6481.2, 0, '2023-09-08', 21, 3, 1256, 13, '02.09', 'RECONSTRUCCION DE ANGULO EN PIEZAS ANTERIORES Y CON TORNILLOEN POSTERIORES.'),
(50, 6481.2, 0, '2023-09-08', 21, 3, 1257, 0, '02.22', 'RESTAURACIONES.'),
(50, 11400, 0, '2023-09-08', 21, 3, 1258, 16, '03.01', 'BIOPULPECTOMIA TOTAL EN UNIRRADICULARES.'),
(50, 15200, 0, '2023-09-08', 21, 3, 1259, 17, '03.02', 'BIOPULPECTOMIA TOTAL EN MULTIRRADICULARES.'),
(50, 2458.43, 0, '2023-09-08', 21, 3, 1260, 18, '03.03', 'DESOBTURACION DE CONDUCTOS.'),
(50, 2543.21, 0, '2023-09-08', 21, 3, 1261, 20, '03.05', 'MOMIFICACION - BIOPULPECTOMIA PARCIAL'),
(50, 2346.85, 0, '2023-09-08', 21, 3, 1262, 21, '03.06', 'PROTECCION PULPAR DIRECTA'),
(50, 2619.03, 0, '2023-09-08', 21, 3, 1263, 39, '03.07', 'ACOPIO DE PASTA ALCALINA.'),
(50, 2875.02, 0, '2023-09-08', 21, 3, 1264, 78, '05.04', 'MODULO DE PREVENCION.'),
(50, 2875.02, 0, '2023-09-08', 21, 3, 1265, 0, '05.04.01', 'MANTENIMIENTO DE TRATAMIENTO PERIODONTAL'),
(50, 2664.63, 0, '2023-09-08', 21, 3, 1266, 79, '05.05', 'SELLANTES DE FOSAS Y FISURAS'),
(50, 1035.09, 0, '2023-09-08', 21, 3, 1267, 0, '05.06', 'TRATAMIENTO CON CARIOSTATICOS REMINERALIZANTES EN PIEZAS TEMPORARIAS.'),
(50, 2257.21, 0, '2023-09-08', 21, 3, 1268, 24, '07.01', 'CONSULTA, FICHADO Y MOTIVACION'),
(50, 2083.61, 0, '2023-09-08', 21, 3, 1269, 27, '07.04', 'TRATAMIENTO CON FORMOCRESOL EN DENTICION TEMPORARIA'),
(50, 3158.87, 0, '2023-09-08', 21, 3, 1270, 86, '07.06.01', 'REDUCCION DE LUXACION O AVULSION CON INMOVILIZACION DENTARIA'),
(50, 2893.92, 0, '2023-09-08', 21, 3, 1271, 29, '08.01', 'CONSULTA DE ESTUDIO - DIAGNOSTICO- PRONOSTICO Y PLAN DE TRATAMIENTO'),
(50, 2471.77, 0, '2023-09-08', 21, 3, 1272, 30, '08.02', 'TRATAMIENTO DE GINGIVITIS.'),
(50, 3007.18, 0, '2023-09-08', 21, 3, 1273, 31, '08.03', 'TRATAMIENTO DE ENFERMEDAD PERIODONTAL LEVE Y MODERADA(6 SEC-TORES)'),
(50, 3199.06, 0, '2023-09-08', 21, 3, 1274, 32, '08.04', 'TRATAMIENTO DE ENFERMEDAD PERIODONTAL SEVERA(6 SECTORES).'),
(50, 1070.83, 0, '2023-09-08', 21, 3, 1275, 0, '08.04.01', 'SUMATORIA DE PIEZAS(SP)'),
(50, 961.01, 0, '2023-09-08', 21, 3, 1276, 33, '08.05', 'DESGASTE SELECTIVO O ARMONIZACION OCLUSAL'),
(50, 1084.19, 0, '2023-09-08', 21, 3, 1277, 34, '09.01.01', 'RADIOGRAFIA PERIAPICAL O RVG(RADIOVISIOGRAFIA)'),
(50, 2619.03, 0, '2023-09-08', 21, 3, 1278, 93, '09.01.02', 'BITE-WING'),
(50, 4243.08, 0, '2023-09-08', 21, 3, 1279, 94, '09.01.03', 'OCLUSAL DE 6 X 8 CM.'),
(50, 4989.58, 0, '2023-09-08', 21, 3, 1280, 95, '09.01.04', 'MEDIA SERIADA.'),
(50, 2619.03, 0, '2023-09-08', 21, 3, 1281, 96, '09.01.05', 'SERIADA.'),
(50, 2819.84, 0, '2023-09-08', 21, 3, 1282, 35, '10.01', 'EXTRACCION DENTARIA'),
(50, 1981, 0, '2023-09-08', 21, 3, 1283, 103, '10.02', 'PLASTICA DE COMUNICACION BUCO-SINUSAL COMO RIESGO PREVISTO SIMULTANEA A AL EXTRACCION.'),
(50, 1494.68, 0, '2023-09-08', 21, 3, 1284, 104, '10.03', 'BIOPSIA POR PUNCION, ASPIRACION O ESCISION'),
(50, 1334.05, 0, '2023-09-08', 21, 3, 1285, 105, '10.04', 'ALVEOLECTOMIA CORRECTIVA O ESTABILIZADORA Y REGULARIZADORA POR ZONA(SEIS ZONAS)'),
(50, 12569.5, 0, '2023-09-08', 21, 3, 1286, 107, '10.06', 'INCISION Y DRENAJE DE ABCESOS POR VIA BUCAL'),
(50, 6745.34, 0, '2023-09-08', 21, 3, 1287, 109, '10.08', 'ALARGAMIENTO QUIRURGICO DE CORONA CLINICA'),
(50, 3078.55, 0, '2023-09-08', 21, 3, 1288, 36, '10.09', 'EXTRACCION DE PIEZAS EN RETENCION OSEA.'),
(50, 2132.69, 0, '2023-09-08', 21, 3, 1289, 114, '10.15', 'EXTRACCION DE PIEZAS EN RETENCION MUCOSA.'),
(50, 2132.69, 0, '2023-09-08', 21, 3, 1290, 115, '10.16', 'RADECTOMIA U ODONTOSECCION.'),
(50, 2195.2, 0, '2023-09-08', 21, 3, 1291, 116, '10.17', 'LIBERACION DE PIEZAS EN RETENCION MUCOSA.'),
(50, 4484.06, 0, '2023-09-08', 21, 3, 1292, 117, '10.18', 'ELIMINACION DE HIPERPLASIAS.'),
(50, 6630.12, 0, '2023-09-08', 21, 3, 1293, 118, '10.19', 'FRENECTOMIA.'),
(50, 4484.06, 0, '2023-09-08', 21, 3, 1294, 119, '10.20', 'EXTRACCION POR ALVEOLECTOMIA EXTERNA'),
(50, 6201.8, 0, '2023-09-08', 21, 3, 1295, 0, '10.21', 'APICECTOMIA CON OBTURACION RETROGRADA Y/O ENUCLEACION DE QUISTE.'),
(51, 2307.93, 0, '2023-09-08', 21, 3, 1296, 1, '01.01', 'EXAMEN DIAGNOSTICO, FICHADO Y PLAN DE TRATAMIENTO'),
(51, 2021.12, 0, '2023-09-08', 21, 3, 1297, 3, '01.04', 'CONSULTA DE URGENCIA'),
(51, 2021.12, 0, '2023-09-08', 21, 3, 1298, 0, '01.05', 'CONSULTA PREVENTIVA Y PERIODICA EN EMBARAZADAS.'),
(51, 2021.12, 0, '2023-09-08', 21, 3, 1299, 0, '01.06', 'INTERCONSULTA CON ESPECIALISTA.'),
(51, 2190.67, 0, '2023-09-08', 21, 3, 1300, 0, '01.08', 'CEMENTADO DE CORONA.'),
(51, 2021.12, 0, '2023-09-08', 21, 3, 1301, 120, '01.09', 'CONSULTA DE CONTROL POST ENDODONCIA.'),
(51, 2021.12, 0, '2023-09-08', 21, 3, 1302, 0, '01.11', 'CONSULTA PRE QUIRURGICA.'),
(51, 6481.2, 0, '2023-09-08', 21, 3, 1303, 13, '02.09', 'RECONSTRUCCION DE ANGULO EN PIEZAS ANTERIORES Y CON TORNILLOEN POSTERIORES.'),
(51, 6481.2, 0, '2023-09-08', 21, 3, 1304, 0, '02.22', 'RESTAURACIONES.'),
(51, 11400, 0, '2023-09-08', 21, 3, 1305, 16, '03.01', 'BIOPULPECTOMIA TOTAL EN UNIRRADICULARES.'),
(51, 15200, 0, '2023-09-08', 21, 3, 1306, 17, '03.02', 'BIOPULPECTOMIA TOTAL EN MULTIRRADICULARES.'),
(51, 2663.62, 0, '2023-09-08', 21, 3, 1307, 18, '03.03', 'DESOBTURACION DE CONDUCTOS.'),
(51, 2989.39, 0, '2023-09-08', 21, 3, 1308, 20, '03.05', 'MOMIFICACION - BIOPULPECTOMIA PARCIAL'),
(51, 2663.62, 0, '2023-09-08', 21, 3, 1309, 21, '03.06', 'PROTECCION PULPAR DIRECTA'),
(51, 2989.39, 0, '2023-09-08', 21, 3, 1310, 39, '03.07', 'ACOPIO DE PASTA ALCALINA.'),
(51, 3129.71, 0, '2023-09-08', 21, 3, 1311, 78, '05.04', 'MODULO DE PREVENCION.'),
(51, 3129.71, 0, '2023-09-08', 21, 3, 1312, 0, '05.04.01', 'MANTENIMIENTO DE TRATAMIENTO PERIODONTAL'),
(51, 3076.02, 0, '2023-09-08', 21, 3, 1313, 79, '05.05', 'SELLANTES DE FOSAS Y FISURAS'),
(51, 1200.25, 0, '2023-09-08', 21, 3, 1314, 0, '05.06', 'TRATAMIENTO CON CARIOSTATICOS REMINERALIZANTES EN PIEZAS TEMPORARIAS.'),
(51, 2285.17, 0, '2023-09-08', 21, 3, 1315, 24, '07.01', 'CONSULTA, FICHADO Y MOTIVACION'),
(51, 2503, 0, '2023-09-08', 21, 3, 1316, 27, '07.04', 'TRATAMIENTO CON FORMOCRESOL EN DENTICION TEMPORARIA'),
(51, 3315.05, 0, '2023-09-08', 21, 3, 1317, 86, '07.06.01', 'REDUCCION DE LUXACION O AVULSION CON INMOVILIZACION DENTARIA'),
(51, 2074.75, 0, '2023-09-08', 21, 3, 1318, 29, '08.01', 'CONSULTA DE ESTUDIO - DIAGNOSTICO- PRONOSTICO Y PLAN DE TRATAMIENTO'),
(51, 3273.49, 0, '2023-09-08', 21, 3, 1319, 30, '08.02', 'TRATAMIENTO DE GINGIVITIS.'),
(51, 2471.77, 0, '2023-09-08', 21, 3, 1320, 31, '08.03', 'TRATAMIENTO DE ENFERMEDAD PERIODONTAL LEVE Y MODERADA(6 SEC-TORES)'),
(51, 2471.77, 0, '2023-09-08', 21, 3, 1321, 32, '08.04', 'TRATAMIENTO DE ENFERMEDAD PERIODONTAL SEVERA(6 SECTORES).'),
(51, 2471.77, 0, '2023-09-08', 21, 3, 1322, 0, '08.04.01', 'SUMATORIA DE PIEZAS(SP)'),
(51, 2797.49, 0, '2023-09-08', 21, 3, 1323, 33, '08.05', 'DESGASTE SELECTIVO O ARMONIZACION OCLUSAL'),
(51, 2797.49, 0, '2023-09-08', 21, 3, 1324, 34, '09.01.01', 'RADIOGRAFIA PERIAPICAL O RVG(RADIOVISIOGRAFIA)'),
(51, 3007.18, 0, '2023-09-08', 21, 3, 1325, 93, '09.01.02', 'BITE-WING'),
(51, 3007.18, 0, '2023-09-08', 21, 3, 1326, 94, '09.01.03', 'OCLUSAL DE 6 X 8 CM.'),
(51, 3007.18, 0, '2023-09-08', 21, 3, 1327, 95, '09.01.04', 'MEDIA SERIADA.'),
(51, 3007.18, 0, '2023-09-08', 21, 3, 1328, 96, '09.01.05', 'SERIADA.'),
(51, 3007.18, 0, '2023-09-08', 21, 3, 1329, 35, '10.01', 'EXTRACCION DENTARIA'),
(51, 3007.18, 0, '2023-09-08', 21, 3, 1330, 103, '10.02', 'PLASTICA DE COMUNICACION BUCO-SINUSAL COMO RIESGO PREVISTO SIMULTANEA A AL EXTRACCION.'),
(51, 3199.06, 0, '2023-09-08', 21, 3, 1331, 104, '10.03', 'BIOPSIA POR PUNCION, ASPIRACION O ESCISION'),
(51, 3199.06, 0, '2023-09-08', 21, 3, 1332, 105, '10.04', 'ALVEOLECTOMIA CORRECTIVA O ESTABILIZADORA Y REGULARIZADORA POR ZONA(SEIS ZONAS)'),
(51, 3199.06, 0, '2023-09-08', 21, 3, 1333, 107, '10.06', 'INCISION Y DRENAJE DE ABCESOS POR VIA BUCAL'),
(51, 1119.85, 0, '2023-09-08', 21, 3, 1334, 109, '10.08', 'ALARGAMIENTO QUIRURGICO DE CORONA CLINICA'),
(51, 961.01, 0, '2023-09-08', 21, 3, 1335, 36, '10.09', 'EXTRACCION DE PIEZAS EN RETENCION OSEA.'),
(51, 861.12, 0, '2023-09-08', 21, 3, 1336, 114, '10.15', 'EXTRACCION DE PIEZAS EN RETENCION MUCOSA.'),
(51, 1084.19, 0, '2023-09-08', 21, 3, 1337, 115, '10.16', 'RADECTOMIA U ODONTOSECCION.'),
(51, 2619.03, 0, '2023-09-08', 21, 3, 1338, 116, '10.17', 'LIBERACION DE PIEZAS EN RETENCION MUCOSA.'),
(51, 4243.08, 0, '2023-09-08', 21, 3, 1339, 117, '10.18', 'ELIMINACION DE HIPERPLASIAS.'),
(51, 4989.58, 0, '2023-09-08', 21, 3, 1340, 118, '10.19', 'FRENECTOMIA.'),
(51, 2967.05, 0, '2023-09-08', 21, 3, 1341, 119, '10.20', 'EXTRACCION POR ALVEOLECTOMIA EXTERNA'),
(51, 2819.84, 0, '2023-09-08', 21, 3, 1342, 0, '10.21', 'APICECTOMIA CON OBTURACION RETROGRADA Y/O ENUCLEACION DE QUISTE.'),
(31, 515, 0, '2023-09-08', 21, 3, 1343, 93, '09.01.02', 'Bite - Wing'),
(31, 805, 0, '2023-09-08', 21, 3, 1344, 94, '09.01.03', 'Radiografía oclusal . 6 x 8 cm.'),
(31, 5200, 0, '2023-09-08', 21, 3, 1345, 95, '09.01.04', 'Radiografía. Media seriada de 7 películas. Técnicas de cono corto ó cono largo'),
(31, 6986, 0, '2023-09-08', 21, 3, 1346, 96, '09.01.05', 'Radiografías seriadas de 14 películas. Técnicas de cono corto ó cono largo'),
(31, 4780, 0, '2023-09-08', 21, 3, 1347, 97, '09.02.01', 'Radiografías extrabucales. Primera exposición'),
(31, 4743, 0, '2023-09-08', 21, 3, 1348, 98, '09.02.02', 'Radiografías extrabucales. Por exposición subsiguiente'),
(31, 4908, 0, '2023-09-08', 21, 3, 1349, 99, '09.02.03', 'Articulación temporo-mandibular. Seis tomas'),
(31, 6474, 0, '2023-09-08', 21, 3, 1350, 100, '09.02.04', 'Radiografía panorámica. Pantomografía'),
(31, 6474, 0, '2023-09-08', 21, 3, 1351, 101, '09.02.05', 'Tele-radiografía cefalométrica'),
(31, 6448, 0, '2023-09-08', 21, 3, 1352, 102, '09.02.06', 'Sialografía'),
(31, 5140, 0, '2023-09-08', 21, 3, 1353, 0, '09.02.07', 'Trazados cefalométricos o cefalograma'),
(31, 4304, 0, '2023-09-08', 21, 3, 1354, 0, '10.00', 'Consulta Especialista(Cirugia, Endoncia,Odontopediatria, Estomatologia)'),
(31, 10000, 0, '2023-09-08', 21, 3, 1355, 35, '10.01', 'Extracción dentaria'),
(31, 2458, 0, '2023-09-08', 21, 3, 1356, 104, '10.03', 'Biopsia por punción ó aspiración'),
(31, 2458, 0, '2023-09-08', 21, 3, 1357, 108, '10.07', 'Biopsia por escisión'),
(31, 9630, 0, '2023-09-08', 21, 3, 1358, 36, '10.09', 'Extracción de dientes en retención mucosa'),
(31, 22000, 0, '2023-09-08', 21, 3, 1359, 0, '10.09.01', 'Extracción de piezas en retención ósea'),
(31, 9220, 0, '2023-09-08', 21, 3, 1360, 110, '10.10', 'Germectomía'),
(31, 4387, 0, '2023-09-08', 21, 3, 1361, 111, '10.11', 'Liberación de dientes retenidos'),
(31, 6148, 0, '2023-09-08', 21, 3, 1362, 37, '10.12', 'Apicectomía'),
(31, 3995, 0, '2023-09-08', 21, 3, 1363, 112, '10.13', 'Tratamiento de osteomielitis'),
(31, 3074, 0, '2023-09-08', 21, 3, 1364, 113, '10.14', 'Extracción de cuerpo extraño'),
(31, 1845, 0, '2023-09-08', 21, 3, 1365, 114, '10.15', 'Alveolectomía correctiva. Por zona. Seis zonas'),
(31, 6148, 0, '2023-09-08', 21, 3, 1366, 117, '10.18', 'Extirpación de tejido blando'),
(31, 6148, 0, '2023-09-08', 21, 3, 1367, 118, '10.19', 'Extirpación de tejido duro'),
(47, 3948, 1095, '2023-09-01', 21, 3, 1368, 1, '01.01', 'Primera consulta y fichado'),
(47, 4381, 1095, '2023-09-01', 21, 3, 1369, 3, '01.04', 'Consulta de urgencia'),
(47, 405, 1095, '2023-09-01', 21, 3, 1370, 0, '01.04.10', 'Módulo EPP COVID-19'),
(47, 8122, 1095, '2023-09-01', 21, 3, 1371, 5, '02.01', 'Obturac. C/amalgamas. Simple'),
(47, 12320, 1095, '2023-09-01', 21, 3, 1372, 6, '02.02', 'Obturac. C/amalgamas. Compuesta'),
(47, 8796, 1095, '2023-09-01', 21, 3, 1373, 12, '02.08', 'Rest .simple c/luz halógena (canino a canino)'),
(47, 15276, 1095, '2023-09-01', 21, 3, 1374, 13, '02.09', 'Rest .compuesta c/luz halógena (canino a canino) '),
(47, 17163, 1095, '2023-09-01', 21, 3, 1375, 16, '03.01', 'Trat. Conducto unirradicular. Incl.RX'),
(47, 24708, 1095, '2023-09-01', 21, 3, 1376, 17, '03.02', 'Trat. Conducto multirradicular. Incl. RX'),
(47, 11293, 1095, '2023-09-01', 21, 3, 1377, 20, '03.05', 'Biopulpectomía parcial. Incl. RX'),
(47, 6333, 1095, '2023-09-01', 21, 3, 1378, 22, '05.01', 'Tartrectomía y cepillado mecánico'),
(47, 6500, 1095, '2023-09-01', 21, 3, 1379, 23, '05.02', 'Consulta prevent. c/cepillado y flúor'),
(47, 5640, 1095, '2023-09-01', 21, 3, 1380, 79, '05.05', 'Sellante de puntos y fisuras'),
(47, 6121, 1095, '2023-09-01', 21, 3, 1381, 0, '05.06', 'Aplicación de cariostáticos'),
(47, 9782, 1095, '2023-09-01', 21, 3, 1382, 24, '07.01', 'Motivación hasta 13 años'),
(47, 11293, 1095, '2023-09-01', 21, 3, 1383, 27, '07.04', 'Trat. Dientes primarios c/formocresol'),
(47, 9782, 1095, '2023-09-01', 21, 3, 1384, 29, '08.01', 'Consulta de estudio diagnóstico y pronóst.'),
(47, 13920, 1095, '2023-09-01', 21, 3, 1385, 30, '08.02', 'Trat. de Gingivitis marginal crónica'),
(47, 10249, 1095, '2023-09-01', 21, 3, 1386, 31, '08.03', 'Trat. Periodontal destructiva leve'),
(47, 13836, 1095, '2023-09-01', 21, 3, 1387, 32, '08.04', 'Trat. Periodontal destructiva severa'),
(47, 1782, 1095, '2023-09-01', 21, 3, 1388, 34, '09.01.01', 'Radiog. intraoral periapical'),
(47, 2835, 1095, '2023-09-01', 21, 3, 1389, 94, '09.01.03', 'Oclusal 6x8 cm.'),
(47, 9777, 1095, '2023-09-01', 21, 3, 1390, 95, '09.01.04', 'Rx seriada ( de 5 a 7 películas)'),
(47, 15499, 1095, '2023-09-01', 21, 3, 1391, 96, '09.01.05', 'Rx seriada ( de 8 a 14 películas)'),
(47, 10458, 1095, '2023-09-01', 21, 3, 1392, 100, '09.02.04', 'Pantomografía'),
(47, 8824, 1095, '2023-09-01', 21, 3, 1393, 35, '10.01', 'Extracción dentaria simple'),
(47, 11499, 1095, '2023-09-01', 21, 3, 1394, 103, '10.02', 'Plástica de comunic. buco-sinusal'),
(47, 10149, 1095, '2023-09-01', 21, 3, 1395, 104, '10.03', 'Biopsia por punción o aspiración'),
(47, 5571, 1095, '2023-09-01', 21, 3, 1396, 105, '10.04', 'Alveolec. estabiliz. P/zonas 6 zonas'),
(47, 13032, 1095, '2023-09-01', 21, 3, 1397, 106, '10.05', 'Reimpl. dentario inmediato al trauma'),
(47, 5073, 1095, '2023-09-01', 21, 3, 1398, 107, '10.06', 'Incisión y drenaje abces. P/vía intrab.'),
(47, 18778, 1095, '2023-09-01', 21, 3, 1399, 36, '10.09', 'Extracción de dientes en retención mucosa'),
(47, 36789, 1095, '2023-09-01', 21, 3, 1400, 0, '10.09.01', 'Extracción de dientes en retención ósea '),
(47, 40258, 1095, '2023-09-01', 21, 3, 1401, 110, '10.10', 'Germectomía'),
(47, 17163, 1095, '2023-09-01', 21, 3, 1402, 111, '10.11', 'Liberación de dientes retenidos'),
(47, 4495, 548, '2023-09-08', 21, 3, 1403, 0, '01.11', 'Primera consulta y fichado para menores 15 mayores de 65'),
(52, 5043, 0, '2023-09-08', 21, 3, 1404, 1, '01.01', 'Primera consulta y fichado'),
(52, 5476, 0, '2023-09-08', 21, 3, 1405, 3, '01.04', 'Consulta de urgencia'),
(52, 1500, 0, '2023-09-08', 21, 3, 1406, 0, '01.04.10', 'Módulo EPP COVID-19'),
(52, 9217, 0, '2023-09-08', 21, 3, 1407, 5, '02.01', 'Obturac. C/amalgamas. Simple'),
(52, 13415, 0, '2023-09-08', 21, 3, 1408, 6, '02.02', 'Obturac. C/amalgamas. Compuesta'),
(52, 9891, 0, '2023-09-08', 21, 3, 1409, 12, '02.08', 'Rest .simple c/luz halógena        (canino a canino)'),
(52, 16371, 0, '2023-09-08', 21, 3, 1410, 13, '02.09', 'Rest .compuesta c/luz halógena (canino a canino) '),
(52, 18258, 0, '2023-09-08', 21, 3, 1411, 16, '03.01', 'Trat. Conducto unirradicular. Incl.RX'),
(52, 25803, 0, '2023-09-08', 21, 3, 1412, 17, '03.02', 'Trat. Conducto multirradicular. Incl. RX'),
(52, 12388, 0, '2023-09-08', 21, 3, 1413, 20, '03.05', 'Biopulpectomía parcial. Incl. RX'),
(52, 7428, 0, '2023-09-08', 21, 3, 1414, 22, '05.01', 'Tartrectomía y cepillado mecánico'),
(52, 7595, 0, '2023-09-08', 21, 3, 1415, 23, '05.02', 'Consulta prevent. c/cepillado y flúor'),
(52, 6735, 0, '2023-09-08', 21, 3, 1416, 79, '05.05', 'Sellante de puntos y fisuras'),
(52, 7216, 0, '2023-09-08', 21, 3, 1417, 0, '05.06', 'Aplicación de cariostáticos'),
(52, 10877, 0, '2023-09-08', 21, 3, 1418, 24, '07.01', 'Motivación hasta 13 años'),
(52, 12388, 0, '2023-09-08', 21, 3, 1419, 27, '07.04', 'Trat. Dientes primarios c/formocresol'),
(52, 10877, 0, '2023-09-08', 21, 3, 1420, 29, '08.01', 'Consulta de estudio diagnóstico y pronóst.'),
(52, 15015, 0, '2023-09-08', 21, 3, 1421, 30, '08.02', 'Trat. de Gingivitis marginal crónica'),
(52, 11344, 0, '2023-09-08', 21, 3, 1422, 31, '08.03', 'Trat. Periodontal destructiva leve'),
(52, 14931, 0, '2023-09-08', 21, 3, 1423, 32, '08.04', 'Trat. Periodontal destructiva severa'),
(52, 2877, 0, '2023-09-08', 21, 3, 1424, 34, '09.01.01', 'Radiog. intraoral periapical'),
(52, 3930, 0, '2023-09-08', 21, 3, 1425, 94, '09.01.03', 'Oclusal 6x8 cm.'),
(52, 10872, 0, '2023-09-08', 21, 3, 1426, 95, '09.01.04', 'Rx seriada ( de 5 a 7 películas)'),
(52, 16594, 0, '2023-09-08', 21, 3, 1427, 96, '09.01.05', 'Rx seriada ( de 8 a 14 películas)'),
(52, 11553, 0, '2023-09-08', 21, 3, 1428, 100, '09.02.04', 'Pantomografía'),
(52, 9919, 0, '2023-09-08', 21, 3, 1429, 35, '10.01', 'Extracción dentaria simple'),
(52, 12594, 0, '2023-09-08', 21, 3, 1430, 103, '10.02', 'Plástica de comunic. buco-sinusal'),
(52, 11244, 0, '2023-09-08', 21, 3, 1431, 104, '10.03', 'Biopsia por punción o aspiración'),
(52, 6666, 0, '2023-09-08', 21, 3, 1432, 105, '10.04', 'Alveolec. estabiliz. P/zonas 6 zonas'),
(52, 14127, 0, '2023-09-08', 21, 3, 1433, 106, '10.05', 'Reimpl. dentario inmediato al trauma'),
(52, 6168, 0, '2023-09-08', 21, 3, 1434, 107, '10.06', 'Incisión y drenaje abces. P/vía intrab.'),
(52, 19873, 0, '2023-09-08', 21, 3, 1435, 36, '10.09', 'Extracción de dientes en retención mucosa'),
(52, 37884, 0, '2023-09-08', 21, 3, 1436, 0, '10.09.01', 'Extracción de dientes en retención ósea '),
(52, 41353, 0, '2023-09-08', 21, 3, 1437, 110, '10.10', 'Germectomía');
INSERT INTO `items_os` (`id_os`, `precio`, `coseguro`, `fecha_ult_actualizacion`, `tasa_iva`, `cant_max_liq`, `id_itemos`, `id_item`, `codigo`, `desc_item`) VALUES
(52, 18258, 0, '2023-09-08', 21, 3, 1438, 111, '10.11', 'Liberación de dientes retenidos'),
(43, 3307, 0, '2023-09-08', 21, 3, 1439, 77, '05.03', '05.03    Inactivacion de caries '),
(32, 1625, 0, '2023-09-11', 21, 3, 1440, 1, '01.01', 'Examen diagnóstico, fichado y plan de tratamiento.                                                   '),
(32, 1765, 0, '2023-09-11', 21, 3, 1441, 3, '01.04', 'Consultas de Urgencias. Prestaciones que no constituye paso intermedio y/o final de tratamiento.'),
(32, 2766, 0, '2023-09-11', 21, 3, 1442, 0, '01.04.10', 'Kit de Bioseguridad'),
(32, 3188, 0, '2023-09-11', 21, 3, 1443, 9, '02.05', 'Composite simple.'),
(32, 5276, 0, '2023-09-11', 21, 3, 1444, 10, '02.06', 'Composite compuesto.'),
(32, 5649, 0, '2023-09-11', 21, 3, 1445, 12, '02.08', 'Reconstrucción deángulo dientes anteriores.'),
(32, 5884, 0, '2023-09-11', 21, 3, 1446, 16, '03.01', 'Tratramiento unirradicular.'),
(32, 8315, 0, '2023-09-11', 21, 3, 1447, 17, '03.02', 'Tratamiento multirradicular (dos conductos).'),
(32, 2394, 0, '2023-09-11', 21, 3, 1448, 22, '05.01', 'Tartrectomía y cepillado mecánico.'),
(32, 2448, 0, '2023-09-11', 21, 3, 1449, 23, '05.02', 'Consulta preventiva periódica. Cepillado previo y aplicación de fluor.'),
(32, 2171, 0, '2023-09-11', 21, 3, 1450, 79, '05.05', 'Sellantes de puntos y fisuras. Por pieza dental.'),
(32, 3505, 0, '2023-09-11', 21, 3, 1451, 24, '07.01', 'Motivación.'),
(32, 3992, 0, '2023-09-11', 21, 3, 1452, 27, '07.04', 'Tratamiento de dientes primarios con formocresol.'),
(32, 3505, 0, '2023-09-11', 21, 3, 1453, 29, '08.01', 'Consulta estudio, Diagnóstico - Pronóstico.'),
(32, 4839, 0, '2023-09-11', 21, 3, 1454, 30, '08.02', 'Tratamiento de gingivitis marginal crónica.'),
(32, 3656, 0, '2023-09-11', 21, 3, 1455, 31, '08.03', 'Tratamiento de Periodontitis destructiva leve o moderada. Bolsas de hasta 5 mm. Por sector (6 sectore'),
(32, 4812, 0, '2023-09-11', 21, 3, 1456, 32, '08.04', 'Tratamiento de Periodontits severa. Bolsas de 6mm o más. Por sector (Seis sectores)'),
(32, 927, 0, '2023-09-11', 21, 3, 1457, 34, '09.01.01', 'Periapical. Técnicas de cono corto o cono largo.'),
(32, 3504, 0, '2023-09-11', 21, 3, 1458, 95, '09.01.04', 'Media seriada de 7 películas.'),
(32, 5344, 0, '2023-09-11', 21, 3, 1459, 96, '09.01.05', 'Seriada de 14 películas.'),
(32, 3723, 0, '2023-09-11', 21, 3, 1460, 100, '09.02.04', 'Pantomografía.'),
(32, 3197, 0, '2023-09-11', 21, 3, 1461, 35, '10.01', 'Extracción simple.'),
(32, 6404, 0, '2023-09-11', 21, 3, 1462, 36, '10.09', 'Extracción de dientes o restos radiculares con retención mucosa.'),
(32, 6520, 0, '2023-09-11', 21, 3, 1463, 113, '10.14', 'Extracción de cuerpo extraño.'),
(32, 12208, 0, '2023-09-11', 21, 3, 1464, 118, '10.19', 'Extracción de dientes en retención ósea.'),
(33, 3250, 0, '2023-09-11', 21, 3, 1465, 1, '01.01', 'Examen diagnóstico, fichado y plan de tratamiento.                                                   '),
(33, 3529, 0, '2023-09-11', 21, 3, 1466, 3, '01.04', 'Consultas de Urgencias. Prestaciones que no constituye paso intermedio y/o final de tratamiento.'),
(33, 2766, 0, '2023-09-11', 21, 3, 1467, 0, '01.04.10', 'Kit de Bioseguridad'),
(33, 6375, 0, '2023-09-11', 21, 3, 1468, 9, '02.05', 'Composite simple.'),
(33, 10551, 0, '2023-09-11', 21, 3, 1469, 10, '02.06', 'Composite compuesto.'),
(33, 11297, 0, '2023-09-11', 21, 3, 1470, 12, '02.08', 'Reconstrucción deángulo dientes anteriores.'),
(33, 11767, 0, '2023-09-11', 21, 3, 1471, 16, '03.01', 'Tratramiento unirradicular.'),
(33, 16630, 0, '2023-09-11', 21, 3, 1472, 17, '03.02', 'Tratamiento multirradicular (dos conductos).'),
(33, 4787, 0, '2023-09-11', 21, 3, 1473, 22, '05.01', 'Tartrectomía y cepillado mecánico.'),
(33, 4895, 0, '2023-09-11', 21, 3, 1474, 23, '05.02', 'Consulta preventiva periódica. Cepillado previo y aplicación de fluor.'),
(33, 4341, 0, '2023-09-11', 21, 3, 1475, 79, '05.05', 'Sellantes de puntos y fisuras. Por pieza dental.'),
(33, 7010, 0, '2023-09-11', 21, 3, 1476, 24, '07.01', 'Motivación.'),
(33, 7984, 0, '2023-09-11', 21, 3, 1477, 27, '07.04', 'Tratamiento de dientes primarios con formocresol.'),
(33, 7010, 0, '2023-09-11', 21, 3, 1478, 29, '08.01', 'Consulta estudio, Diagnóstico - Pronóstico.'),
(33, 9677, 0, '2023-09-11', 21, 3, 1479, 30, '08.02', 'Tratamiento de gingivitis marginal crónica.'),
(33, 7311, 0, '2023-09-11', 21, 3, 1480, 31, '08.03', 'Tratamiento de Periodontitis destructiva leve o moderada. Bolsas de hasta 5 mm. Por sector (6 sectore'),
(33, 9623, 0, '2023-09-11', 21, 3, 1481, 32, '08.04', 'Tratamiento de Periodontits severa. Bolsas de 6mm o más. Por sector (Seis sectores)'),
(33, 1854, 0, '2023-09-11', 21, 3, 1482, 34, '09.01.01', 'Periapical. Técnicas de cono corto o cono largo.'),
(33, 7007, 0, '2023-09-11', 21, 3, 1483, 95, '09.01.04', 'Media seriada de 7 películas.'),
(33, 10695, 0, '2023-09-11', 21, 3, 1484, 96, '09.01.05', 'Seriada de 14 películas.'),
(33, 7446, 0, '2023-09-11', 21, 3, 1485, 100, '09.02.04', 'Pantomografía.'),
(33, 6393, 0, '2023-09-11', 21, 3, 1486, 35, '10.01', 'Extracción simple.'),
(33, 12808, 0, '2023-09-11', 21, 3, 1487, 36, '10.09', 'Extracción de dientes o restos radiculares con retención mucosa.'),
(33, 13039, 0, '2023-09-11', 21, 3, 1488, 113, '10.14', 'Extracción de cuerpo extraño.'),
(33, 24416, 0, '2023-09-11', 21, 3, 1489, 118, '10.19', 'Extracción de dientes en retención ósea.'),
(28, 40050, 0, '2023-09-14', 21, 3, 1490, 0, '06.02.00', 'TRAT DENT PRIMARIA-MIXTA (ORTOPEDIA'),
(28, 27050, 0, '2023-09-14', 21, 3, 1491, 0, '06.02.01', 'CONTROL ORTOPEDIA.-'),
(28, 86430, 0, '2023-09-14', 21, 3, 1492, 0, '06.03.00', 'TRAT DENT PERMANENTE (ORTODONCIA)'),
(28, 54090, 0, '2023-09-14', 21, 3, 1493, 0, '06.03.01', 'CONTROL ORTODONCIA.-'),
(28, 119430, 0, '2023-09-14', 21, 3, 1494, 0, '06.04.00', 'CORRECCION DE MAL POSICIONES SIMPLE'),
(28, 5280, 0, '2023-09-14', 21, 3, 1495, 0, '08.12.50', 'TRATAMIENTO DE GINGIVITIS POR ARCAD'),
(28, 1780, 0, '2023-09-14', 21, 3, 1496, 34, '09.01.01', 'PERIAPICAL.'),
(28, 7090, 0, '2023-09-14', 21, 3, 1497, 93, '09.01.02', 'RX MEDIA SERIADA'),
(28, 10900, 0, '2023-09-14', 21, 3, 1498, 94, '09.01.03', 'RX SERIADA TOTAL'),
(28, 2210, 0, '2023-09-14', 21, 3, 1499, 102, '09.02.06', 'RX OCLUSAL'),
(28, 24230, 0, '2023-09-14', 21, 3, 1500, 0, '09.03.01', 'TOMOGRAFIA 3D BI-MAXILAR.-'),
(28, 18500, 0, '2023-09-14', 21, 3, 1501, 0, '09.03.02', 'TOMOGRAFIA MONOMAXILAR SISTEMA C'),
(28, 13640, 0, '2023-09-14', 21, 3, 1502, 0, '09.03.03', 'TOMOGRAFIA REGIONAL (1 A 3 PIEZAS) U'),
(28, 26460, 0, '2023-09-14', 21, 3, 1503, 0, '09.03.04', 'TOMOGRAFIA DE A.T.M. POR LADO ( A BO'),
(28, 17270, 0, '2023-09-14', 21, 3, 1504, 0, '09.03.05', 'TOMOGRAFIA  - UNA SOLA TOMA - A.T.M'),
(28, 7000, 0, '2023-09-14', 21, 3, 1505, 0, '09.06.00', 'PANTOMOGRAFIA'),
(28, 7000, 0, '2023-09-14', 21, 3, 1506, 0, '09.07.00', 'TELERADIOGRAFIA'),
(28, 3710, 0, '2023-09-14', 21, 3, 1507, 0, '10.01.50', 'EXTRACCION DENTARIA EN PERIODO DE R'),
(28, 15520, 0, '2023-09-14', 21, 3, 1508, 0, '10.16.01', 'QUIST. O EXT. DE TUM. TEJ. DUR'),
(28, 27170, 0, '2023-09-14', 21, 3, 1509, 0, '10.16.02', 'QUIST. O EXT. TUM. TEJ. DUROS'),
(28, 37590, 0, '2023-09-14', 21, 3, 1510, 0, '10.16.03', 'QUIST. O EXT. TUM. TEJ. DUROS'),
(28, 15520, 0, '2023-09-14', 21, 3, 1511, 0, '10.17.01', 'EXTIR. TUM. TEJ. BLANDO PEQUEÑ'),
(28, 27170, 0, '2023-09-14', 21, 3, 1512, 0, '10.17.02', 'EXTIR. TUM. TEJ. BLANDO MEDIAN'),
(28, 37590, 0, '2023-09-14', 21, 3, 1513, 0, '10.17.03', 'EXTIR. TUM. TEJ. BLANDO GRANDE'),
(28, 13880, 0, '2023-09-14', 21, 3, 1514, 0, '99.00.02', 'Mantenedor de espacio fijo o removible'),
(46, 1533, 0, '2023-08-13', 21, 3, 1515, 34, '09.01.01', 'Radiografia periapical'),
(46, 1533, 0, '2023-08-13', 21, 3, 1516, 93, '09.01.02', 'Bite wing'),
(46, 6057, 0, '2023-08-13', 21, 3, 1517, 95, '09.01.04', 'Media seriada de 7 películas'),
(46, 9212, 0, '2023-08-13', 21, 3, 1518, 96, '09.01.05', 'Seriadas de 14 películas'),
(46, 8044, 0, '2023-08-13', 21, 3, 1519, 100, '09.02.04', 'Pantomografía'),
(46, 8044, 0, '2023-08-13', 21, 3, 1520, 101, '09.02.05', 'Tele-radiografia frente y perfil'),
(46, 12636, 0, '2023-08-13', 21, 3, 1521, 0, '10.09.01', 'Extracción      dientes      o      restos\nradiculares con ret.submucosa'),
(46, 28431, 0, '2023-08-13', 21, 3, 1522, 0, '10.09.02', 'Extracción  dientes  con  retención\nosea (no incluye valor de rx)'),
(46, 9108, 0, '2023-09-14', 21, 3, 1523, 28, '07.05', 'Corona    metálica    de    acero    y\nsimilares');

-- --------------------------------------------------------

--
-- Estructura de tabla para la tabla `liquidaciones`
--

CREATE TABLE `liquidaciones` (
  `id_liq` int(11) NOT NULL,
  `id_usuario` int(11) NOT NULL,
  `periodo` int(11) NOT NULL,
  `mes` int(11) NOT NULL,
  `año` int(11) NOT NULL,
  `estado` varchar(1) NOT NULL,
  `fecha_envio` date NOT NULL,
  `fecha_facturado` date NOT NULL,
  `fecha_ult_modificacion` date NOT NULL,
  `id_os` int(11) NOT NULL,
  `factura` varchar(21) NOT NULL,
  `importe` float NOT NULL,
  `id_mov_vta` int(11) NOT NULL
) ENGINE=InnoDB DEFAULT CHARSET=utf8 COLLATE=utf8_bin;

--
-- Volcado de datos para la tabla `liquidaciones`
--

INSERT INTO `liquidaciones` (`id_liq`, `id_usuario`, `periodo`, `mes`, `año`, `estado`, `fecha_envio`, `fecha_facturado`, `fecha_ult_modificacion`, `id_os`, `factura`, `importe`, `id_mov_vta`) VALUES
(89, 6, 202309, 9, 2023, 'B', '2023-09-14', '2023-09-14', '2023-09-14', 46, 'A0000-00000000', 0, 0),
(92, 16, 202309, 9, 2023, 'B', '2023-09-14', '2023-09-14', '2023-09-14', 35, 'A0000-00000000', 0, 0),
(93, 16, 202309, 9, 2023, 'B', '2023-09-14', '2023-09-14', '2023-09-14', 29, 'A0000-00000000', 0, 0),
(94, 16, 202309, 9, 2023, 'B', '2023-09-14', '2023-09-14', '2023-09-14', 36, 'A0000-00000000', 0, 0),
(95, 16, 202309, 9, 2023, 'B', '2023-09-14', '2023-09-14', '2023-09-14', 38, 'A0000-00000000', 0, 0),
(96, 16, 202309, 9, 2023, 'B', '2023-09-14', '2023-09-14', '2023-09-14', 41, 'A0000-00000000', 0, 0),
(97, 16, 202309, 9, 2023, 'B', '2023-09-14', '2023-09-14', '2023-09-14', 52, 'A0000-00000000', 0, 0),
(98, 16, 202309, 9, 2023, 'B', '2023-09-14', '2023-09-14', '2023-09-14', 42, 'A0000-00000000', 0, 0),
(99, 16, 202309, 9, 2023, 'B', '2023-09-14', '2023-09-14', '2023-09-14', 39, 'A0000-00000000', 0, 0),
(100, 16, 202309, 9, 2023, 'B', '2023-09-14', '2023-09-14', '2023-09-14', 31, 'A0000-00000000', 0, 0),
(101, 16, 202309, 9, 2023, 'B', '2023-09-14', '2023-09-14', '2023-09-14', 49, 'A0000-00000000', 0, 0),
(102, 16, 202309, 9, 2023, 'B', '2023-09-14', '2023-09-14', '2023-09-14', 50, 'A0000-00000000', 0, 0),
(103, 16, 202309, 9, 2023, 'B', '2023-09-14', '2023-09-14', '2023-09-14', 30, 'A0000-00000000', 0, 0),
(104, 16, 202309, 9, 2023, 'B', '2023-09-14', '2023-09-14', '2023-09-14', 51, 'A0000-00000000', 0, 0),
(105, 10, 202309, 9, 2023, 'E', '2023-09-14', '2023-09-14', '2023-09-14', 4, 'A0000-00000000', 99663.2, 0),
(106, 16, 202309, 9, 2023, 'B', '2023-09-14', '2023-09-14', '2023-09-14', 28, 'A0000-00000000', 0, 0),
(107, 16, 202309, 9, 2023, 'B', '2023-09-14', '2023-09-14', '2023-09-14', 46, 'A0000-00000000', 0, 0),
(108, 15, 202309, 9, 2023, 'B', '2023-09-15', '2023-09-15', '2023-09-15', 30, 'A0000-00000000', 0, 0),
(109, 15, 202309, 9, 2023, 'B', '2023-09-15', '2023-09-15', '2023-09-15', 46, 'A0000-00000000', 0, 0),
(110, 21, 202301, 1, 2023, 'E', '2023-09-15', '2023-09-15', '2023-09-15', 30, 'A0000-00000000', 14508, 0),
(112, 10, 202309, 9, 2023, 'E', '2023-09-15', '2023-09-15', '2023-09-17', 38, 'A0000-00000000', 10922, 0),
(114, 10, 202309, 9, 2023, 'E', '2023-09-15', '2023-09-15', '2023-09-17', 35, 'A0000-00000000', 24000, 0),
(115, 8, 202309, 9, 2023, 'B', '2023-09-15', '2023-09-15', '2023-09-15', 30, 'A0000-00000000', 0, 0),
(116, 21, 202302, 2, 2023, 'B', '2023-09-15', '2023-09-15', '2023-09-19', 30, 'A0000-00000000', 0, 0),
(117, 12, 202309, 9, 2023, 'B', '2023-09-16', '2023-09-16', '2023-09-17', 29, 'A0000-00000000', 121164, 0),
(118, 12, 202309, 9, 2023, 'B', '2023-09-16', '2023-09-16', '2023-09-17', 35, 'A0000-00000000', 24400, 0),
(119, 12, 202309, 9, 2023, 'B', '2023-09-16', '2023-09-16', '2023-09-16', 52, 'A0000-00000000', 14915, 0),
(120, 10, 202309, 9, 2023, 'E', '2023-09-16', '2023-09-16', '2023-09-17', 25, 'A0000-00000000', 90365, 0),
(121, 10, 202309, 9, 2023, 'E', '2023-09-17', '2023-09-17', '2023-09-17', 47, 'A0000-00000000', 39781, 0),
(122, 10, 202309, 9, 2023, 'E', '2023-09-17', '2023-09-17', '2023-09-17', 46, 'A0000-00000000', 26619, 0),
(123, 10, 202309, 9, 2023, 'E', '2023-09-17', '2023-09-17', '2023-09-17', 36, 'A0000-00000000', 12600, 0),
(124, 12, 202309, 9, 2023, 'B', '2023-09-17', '2023-09-17', '2023-09-17', 36, 'A0000-00000000', 10125, 0),
(125, 12, 202309, 9, 2023, 'B', '2023-09-17', '2023-09-17', '2023-09-17', 41, 'A0000-00000000', 31536, 0),
(128, 9, 202309, 9, 2023, 'B', '2023-09-19', '2023-09-19', '2023-09-19', 46, 'A0000-00000000', 0, 0),
(129, 9, 202309, 9, 2023, 'B', '2023-09-19', '2023-09-19', '2023-09-19', 42, 'A0000-00000000', 0, 0),
(130, 9, 202309, 9, 2023, 'B', '2023-09-19', '2023-09-19', '2023-09-19', 29, 'A0000-00000000', 0, 0),
(131, 9, 202309, 9, 2023, 'B', '2023-09-19', '2023-09-19', '2023-09-19', 35, 'A0000-00000000', 0, 0),
(132, 9, 202309, 9, 2023, 'B', '2023-09-19', '2023-09-19', '2023-09-19', 50, 'A0000-00000000', 0, 0),
(133, 17, 202309, 9, 2023, 'B', '2023-09-19', '2023-09-19', '2023-09-19', 50, 'A0000-00000000', 11389.7, 0),
(134, 14, 202309, 9, 2023, 'E', '2023-09-19', '2023-09-19', '2023-09-19', 42, 'A0000-00000000', 8635, 0),
(135, 14, 202309, 9, 2023, 'B', '2023-09-19', '2023-09-19', '2023-09-19', 41, 'A0000-00000000', 11608, 0),
(136, 14, 202309, 9, 2023, 'B', '2023-09-19', '2023-09-19', '2023-09-19', 52, 'A0000-00000000', 37151, 0);

-- --------------------------------------------------------

--
-- Estructura de tabla para la tabla `liq_items`
--

CREATE TABLE `liq_items` (
  `id_liquidacion` int(11) NOT NULL,
  `id_itemos` int(11) NOT NULL,
  `cantidad` float NOT NULL,
  `pu` float NOT NULL,
  `importe` float NOT NULL,
  `fecha_ult_modificacion` date NOT NULL,
  `id_liqitem` int(11) NOT NULL
) ENGINE=InnoDB DEFAULT CHARSET=utf8 COLLATE=utf8_bin;

--
-- Volcado de datos para la tabla `liq_items`
--

INSERT INTO `liq_items` (`id_liquidacion`, `id_itemos`, `cantidad`, `pu`, `importe`, `fecha_ult_modificacion`, `id_liqitem`) VALUES
(89, 1105, 0, 3218, 0, '2023-09-14', 2568),
(89, 1106, 0, 4330, 0, '2023-09-14', 2569),
(89, 1107, 0, 5095, 0, '2023-09-14', 2570),
(89, 1108, 0, 6811, 0, '2023-09-14', 2571),
(89, 1109, 0, 10706, 0, '2023-09-14', 2572),
(89, 1110, 0, 8873, 0, '2023-09-14', 2573),
(89, 1111, 0, 10706, 0, '2023-09-14', 2574),
(89, 1112, 0, 15373, 0, '2023-09-14', 2575),
(89, 1113, 0, 24668, 0, '2023-09-14', 2576),
(89, 1114, 0, 28868, 0, '2023-09-14', 2577),
(89, 1115, 0, 35572, 0, '2023-09-14', 2578),
(89, 1116, 0, 11374, 0, '2023-09-14', 2579),
(89, 1117, 0, 11369, 0, '2023-09-14', 2580),
(89, 1144, 0, 28431, 0, '2023-09-14', 2584),
(89, 1118, 0, 6523, 0, '2023-09-14', 2589),
(89, 1119, 0, 2904, 0, '2023-09-14', 2590),
(89, 1120, 0, 3809, 0, '2023-09-14', 2591),
(89, 1121, 0, 7657, 0, '2023-09-14', 2592),
(89, 1122, 0, 17837, 0, '2023-09-14', 2593),
(89, 1123, 0, 13839, 0, '2023-09-14', 2594),
(89, 1124, 0, 9476, 0, '2023-09-14', 2595),
(89, 1126, 0, 4375, 0, '2023-09-14', 2597),
(89, 1127, 0, 4664, 0, '2023-09-14', 2598),
(89, 1128, 0, 8967, 0, '2023-09-14', 2599),
(89, 1135, 0, 8044, 0, '2023-09-14', 2600),
(89, 1136, 0, 7706, 0, '2023-09-14', 2601),
(89, 1137, 0, 6770, 0, '2023-09-14', 2602),
(89, 1138, 0, 6712, 0, '2023-09-14', 2603),
(89, 1139, 0, 7489, 0, '2023-09-14', 2604),
(89, 1140, 0, 8022, 0, '2023-09-14', 2605),
(89, 1141, 0, 7489, 0, '2023-09-14', 2606),
(89, 1142, 0, 7502, 0, '2023-09-14', 2607),
(89, 1145, 0, 21519, 0, '2023-09-14', 2608),
(89, 1146, 0, 8408, 0, '2023-09-14', 2609),
(89, 1147, 0, 10953, 0, '2023-09-14', 2610),
(89, 1148, 0, 11798, 0, '2023-09-14', 2611),
(89, 1149, 0, 18577, 0, '2023-09-14', 2612),
(89, 1150, 0, 6712, 0, '2023-09-14', 2613),
(89, 1151, 0, 9253, 0, '2023-09-14', 2614),
(92, 761, 0, 2400, 0, '2023-09-14', 2706),
(92, 762, 0, 2600, 0, '2023-09-14', 2707),
(92, 763, 0, 5900, 0, '2023-09-14', 2708),
(92, 764, 0, 14700, 0, '2023-09-14', 2709),
(92, 765, 0, 17700, 0, '2023-09-14', 2710),
(92, 766, 0, 5200, 0, '2023-09-14', 2711),
(92, 767, 0, 4700, 0, '2023-09-14', 2712),
(92, 768, 0, 4800, 0, '2023-09-14', 2713),
(92, 769, 0, 3300, 0, '2023-09-14', 2714),
(92, 770, 0, 5700, 0, '2023-09-14', 2715),
(92, 771, 0, 6000, 0, '2023-09-14', 2716),
(92, 772, 0, 1000, 0, '2023-09-14', 2717),
(92, 773, 0, 6700, 0, '2023-09-14', 2718),
(93, 620, 0, 2584, 0, '2023-09-14', 2719),
(93, 621, 0, 2806, 0, '2023-09-14', 2720),
(93, 622, 0, 4722, 0, '2023-09-14', 2721),
(93, 623, 0, 6874, 0, '2023-09-14', 2722),
(93, 624, 0, 9534, 0, '2023-09-14', 2723),
(93, 625, 0, 13220, 0, '2023-09-14', 2724),
(93, 626, 0, 3805, 0, '2023-09-14', 2725),
(93, 627, 0, 3892, 0, '2023-09-14', 2726),
(93, 628, 0, 3451, 0, '2023-09-14', 2727),
(93, 629, 0, 5573, 0, '2023-09-14', 2728),
(93, 630, 0, 6347, 0, '2023-09-14', 2729),
(93, 631, 0, 7693, 0, '2023-09-14', 2730),
(93, 632, 0, 1474, 0, '2023-09-14', 2731),
(93, 633, 0, 5082, 0, '2023-09-14', 2732),
(93, 634, 0, 10182, 0, '2023-09-14', 2733),
(94, 774, 0, 2250, 0, '2023-09-14', 2734),
(94, 775, 0, 4500, 0, '2023-09-14', 2735),
(94, 776, 0, 4500, 0, '2023-09-14', 2736),
(94, 777, 0, 2250, 0, '2023-09-14', 2737),
(94, 778, 0, 2700, 0, '2023-09-14', 2738),
(94, 779, 0, 2250, 0, '2023-09-14', 2739),
(94, 780, 0, 1350, 0, '2023-09-14', 2740),
(94, 781, 0, 5625, 0, '2023-09-14', 2741),
(95, 804, 0, 1474, 0, '2023-09-14', 2742),
(95, 805, 0, 1724, 0, '2023-09-14', 2743),
(95, 806, 0, 4599, 0, '2023-09-14', 2744),
(95, 807, 0, 8599, 0, '2023-09-14', 2745),
(95, 808, 0, 10474, 0, '2023-09-14', 2746),
(95, 809, 0, 3099, 0, '2023-09-14', 2747),
(95, 810, 0, 3099, 0, '2023-09-14', 2748),
(95, 811, 0, 1599, 0, '2023-09-14', 2749),
(95, 812, 0, 1974, 0, '2023-09-14', 2750),
(95, 813, 0, 1849, 0, '2023-09-14', 2751),
(95, 814, 0, 1849, 0, '2023-09-14', 2752),
(95, 815, 0, 2349, 0, '2023-09-14', 2753),
(95, 816, 0, 6474, 0, '2023-09-14', 2754),
(95, 817, 0, 3099, 0, '2023-09-14', 2755),
(95, 818, 0, 2099, 0, '2023-09-14', 2756),
(95, 819, 0, 2224, 0, '2023-09-14', 2757),
(95, 820, 0, 2849, 0, '2023-09-14', 2758),
(95, 821, 0, 724, 0, '2023-09-14', 2759),
(95, 822, 0, 1849, 0, '2023-09-14', 2760),
(95, 823, 0, 2974, 0, '2023-09-14', 2761),
(95, 824, 0, 3974, 0, '2023-09-14', 2762),
(95, 825, 0, 2724, 0, '2023-09-14', 2763),
(95, 826, 0, 2724, 0, '2023-09-14', 2764),
(95, 827, 0, 4349, 0, '2023-09-14', 2765),
(95, 828, 0, 4474, 0, '2023-09-14', 2766),
(95, 829, 0, 5224, 0, '2023-09-14', 2767),
(95, 830, 0, 3099, 0, '2023-09-14', 2768),
(95, 831, 0, 5474, 0, '2023-09-14', 2769),
(95, 832, 0, 1974, 0, '2023-09-14', 2770),
(95, 833, 0, 5349, 0, '2023-09-14', 2771),
(95, 834, 0, 10474, 0, '2023-09-14', 2772),
(95, 835, 0, 10849, 0, '2023-09-14', 2773),
(95, 836, 0, 4099, 0, '2023-09-14', 2774),
(95, 837, 0, 5474, 0, '2023-09-14', 2775),
(95, 838, 0, 4224, 0, '2023-09-14', 2776),
(95, 839, 0, 3099, 0, '2023-09-14', 2777),
(95, 840, 0, 5224, 0, '2023-09-14', 2778),
(95, 841, 0, 2974, 0, '2023-09-14', 2779),
(96, 875, 0, 3103, 0, '2023-09-14', 2780),
(96, 876, 0, 3724, 0, '2023-09-14', 2781),
(96, 877, 0, 6208, 0, '2023-09-14', 2782),
(96, 878, 0, 6208, 0, '2023-09-14', 2783),
(96, 879, 0, 6208, 0, '2023-09-14', 2784),
(96, 927, 0, 0, 0, '2023-09-14', 2785),
(96, 880, 0, 7450, 0, '2023-09-14', 2786),
(96, 881, 0, 7884, 0, '2023-09-14', 2787),
(96, 882, 0, 7450, 0, '2023-09-14', 2788),
(96, 883, 0, 7884, 0, '2023-09-14', 2789),
(96, 884, 0, 17381, 0, '2023-09-14', 2790),
(96, 885, 0, 22348, 0, '2023-09-14', 2791),
(96, 886, 0, 17734, 0, '2023-09-14', 2792),
(96, 887, 0, 6208, 0, '2023-09-14', 2793),
(96, 888, 0, 7450, 0, '2023-09-14', 2794),
(96, 889, 0, 3477, 0, '2023-09-14', 2795),
(96, 890, 0, 3477, 0, '2023-09-14', 2796),
(96, 891, 0, 3724, 0, '2023-09-14', 2797),
(96, 892, 0, 3474, 0, '2023-09-14', 2798),
(96, 893, 0, 3474, 0, '2023-09-14', 2799),
(96, 894, 0, 4345, 0, '2023-09-14', 2800),
(96, 895, 0, 14889, 0, '2023-09-14', 2801),
(96, 896, 0, 6208, 0, '2023-09-14', 2802),
(96, 897, 0, 9933, 0, '2023-09-14', 2803),
(96, 898, 0, 17381, 0, '2023-09-14', 2804),
(96, 899, 0, 6829, 0, '2023-09-14', 2805),
(96, 900, 0, 3103, 0, '2023-09-14', 2806),
(96, 901, 0, 3724, 0, '2023-09-14', 2807),
(96, 902, 0, 5586, 0, '2023-09-14', 2808),
(96, 903, 0, 7450, 0, '2023-09-14', 2809),
(96, 904, 0, 3724, 0, '2023-09-14', 2810),
(96, 925, 0, 0, 0, '2023-09-14', 2811),
(96, 905, 0, 1241, 0, '2023-09-14', 2812),
(96, 906, 0, 1490, 0, '2023-09-14', 2813),
(96, 907, 0, 2483, 0, '2023-09-14', 2814),
(96, 908, 0, 5214, 0, '2023-09-14', 2815),
(96, 909, 0, 7450, 0, '2023-09-14', 2816),
(96, 910, 0, 5959, 0, '2023-09-14', 2817),
(96, 911, 0, 5959, 0, '2023-09-14', 2818),
(96, 912, 0, 6208, 0, '2023-09-14', 2819),
(96, 913, 0, 6084, 0, '2023-09-14', 2820),
(96, 914, 0, 5339, 0, '2023-09-14', 2821),
(96, 915, 0, 4966, 0, '2023-09-14', 2822),
(96, 916, 0, 7139, 0, '2023-09-14', 2823),
(96, 917, 0, 15706, 0, '2023-09-14', 2824),
(96, 918, 0, 18624, 0, '2023-09-14', 2825),
(96, 919, 0, 12416, 0, '2023-09-14', 2826),
(96, 920, 0, 7450, 0, '2023-09-14', 2827),
(96, 921, 0, 5586, 0, '2023-09-14', 2828),
(96, 922, 0, 1862, 0, '2023-09-14', 2829),
(96, 923, 0, 3570, 0, '2023-09-14', 2830),
(96, 924, 0, 5961, 0, '2023-09-14', 2831),
(96, 926, 0, 0, 0, '2023-09-14', 2832),
(97, 1404, 0, 5043, 0, '2023-09-14', 2833),
(97, 1405, 0, 5476, 0, '2023-09-14', 2834),
(97, 1406, 0, 1500, 0, '2023-09-14', 2835),
(97, 1407, 0, 9217, 0, '2023-09-14', 2836),
(97, 1408, 0, 13415, 0, '2023-09-14', 2837),
(97, 1409, 0, 9891, 0, '2023-09-14', 2838),
(97, 1410, 0, 16371, 0, '2023-09-14', 2839),
(97, 1411, 0, 18258, 0, '2023-09-14', 2840),
(97, 1412, 0, 25803, 0, '2023-09-14', 2841),
(97, 1413, 0, 12388, 0, '2023-09-14', 2842),
(97, 1414, 0, 7428, 0, '2023-09-14', 2843),
(97, 1415, 0, 7595, 0, '2023-09-14', 2844),
(97, 1416, 0, 6735, 0, '2023-09-14', 2845),
(97, 1417, 0, 7216, 0, '2023-09-14', 2846),
(97, 1418, 0, 10877, 0, '2023-09-14', 2847),
(97, 1419, 0, 12388, 0, '2023-09-14', 2848),
(97, 1420, 0, 10877, 0, '2023-09-14', 2849),
(97, 1421, 0, 15015, 0, '2023-09-14', 2850),
(97, 1422, 0, 11344, 0, '2023-09-14', 2851),
(97, 1423, 0, 14931, 0, '2023-09-14', 2852),
(97, 1424, 0, 2877, 0, '2023-09-14', 2853),
(97, 1425, 0, 3930, 0, '2023-09-14', 2854),
(97, 1426, 0, 10872, 0, '2023-09-14', 2855),
(97, 1427, 0, 16594, 0, '2023-09-14', 2856),
(97, 1428, 0, 11553, 0, '2023-09-14', 2857),
(97, 1429, 0, 9919, 0, '2023-09-14', 2858),
(97, 1430, 0, 12594, 0, '2023-09-14', 2859),
(97, 1431, 0, 11244, 0, '2023-09-14', 2860),
(97, 1432, 0, 6666, 0, '2023-09-14', 2861),
(97, 1433, 0, 14127, 0, '2023-09-14', 2862),
(97, 1434, 0, 6168, 0, '2023-09-14', 2863),
(97, 1435, 0, 19873, 0, '2023-09-14', 2864),
(97, 1436, 0, 37884, 0, '2023-09-14', 2865),
(97, 1437, 0, 41353, 0, '2023-09-14', 2866),
(97, 1438, 0, 18258, 0, '2023-09-14', 2867),
(98, 935, 0, 6882, 0, '2023-09-14', 2868),
(98, 928, 0, 3198, 0, '2023-09-14', 2869),
(98, 929, 0, 3628, 0, '2023-09-14', 2870),
(98, 930, 0, 8635, 0, '2023-09-14', 2871),
(98, 931, 0, 21047, 0, '2023-09-14', 2872),
(98, 932, 0, 25803, 0, '2023-09-14', 2873),
(98, 933, 0, 7310, 0, '2023-09-14', 2874),
(98, 934, 0, 6672, 0, '2023-09-14', 2875),
(98, 936, 0, 3078, 0, '2023-09-14', 2876),
(98, 937, 0, 3412, 0, '2023-09-14', 2877),
(98, 938, 0, 3322, 0, '2023-09-14', 2878),
(98, 939, 0, 2894, 0, '2023-09-14', 2879),
(98, 940, 0, 2936, 0, '2023-09-14', 2880),
(98, 941, 0, 4527, 0, '2023-09-14', 2881),
(98, 942, 0, 23823, 0, '2023-09-14', 2882),
(98, 943, 0, 8007, 0, '2023-09-14', 2883),
(98, 944, 0, 23823, 0, '2023-09-14', 2884),
(98, 945, 0, 3654, 0, '2023-09-14', 2885),
(98, 946, 0, 4143, 0, '2023-09-14', 2886),
(98, 947, 0, 4261, 0, '2023-09-14', 2887),
(98, 948, 0, 5161, 0, '2023-09-14', 2888),
(98, 949, 0, 2103, 0, '2023-09-14', 2889),
(98, 950, 0, 2000, 0, '2023-09-14', 2890),
(98, 951, 0, 1764, 0, '2023-09-14', 2891),
(98, 952, 0, 3000, 0, '2023-09-14', 2892),
(98, 953, 0, 6079, 0, '2023-09-14', 2893),
(98, 954, 0, 8423, 0, '2023-09-14', 2894),
(98, 955, 0, 7215, 0, '2023-09-14', 2895),
(98, 956, 0, 7215, 0, '2023-09-14', 2896),
(98, 958, 0, 5428, 0, '2023-09-14', 2897),
(98, 957, 0, 7222, 0, '2023-09-14', 2898),
(98, 959, 0, 9900, 0, '2023-09-14', 2899),
(98, 960, 0, 5483, 0, '2023-09-14', 2900),
(98, 961, 0, 4173, 0, '2023-09-14', 2901),
(98, 962, 0, 8313, 0, '2023-09-14', 2902),
(98, 963, 0, 3468, 0, '2023-09-14', 2903),
(98, 964, 0, 6702, 0, '2023-09-14', 2904),
(98, 965, 0, 3982, 0, '2023-09-14', 2905),
(98, 966, 0, 15000, 0, '2023-09-14', 2906),
(98, 967, 0, 25000, 0, '2023-09-14', 2907),
(98, 968, 0, 19797, 0, '2023-09-14', 2908),
(98, 969, 0, 8833, 0, '2023-09-14', 2909),
(98, 970, 0, 10500, 0, '2023-09-14', 2910),
(98, 971, 0, 6667, 0, '2023-09-14', 2911),
(98, 972, 0, 7919, 0, '2023-09-14', 2912),
(99, 842, 0, 2700, 0, '2023-09-14', 2913),
(99, 843, 0, 3000, 0, '2023-09-14', 2914),
(99, 856, 0, 380, 0, '2023-09-14', 2915),
(99, 844, 0, 6320, 0, '2023-09-14', 2916),
(99, 845, 0, 8920, 0, '2023-09-14', 2917),
(99, 846, 0, 10950, 0, '2023-09-14', 2918),
(99, 847, 0, 12990, 0, '2023-09-14', 2919),
(99, 848, 0, 3810, 0, '2023-09-14', 2920),
(99, 849, 0, 4990, 0, '2023-09-14', 2921),
(99, 850, 0, 6720, 0, '2023-09-14', 2922),
(99, 851, 0, 7550, 0, '2023-09-14', 2923),
(99, 852, 0, 1190, 0, '2023-09-14', 2924),
(99, 853, 0, 5610, 0, '2023-09-14', 2925),
(99, 854, 0, 5280, 0, '2023-09-14', 2926),
(99, 855, 0, 18080, 0, '2023-09-14', 2927),
(100, 678, 0, 3000, 0, '2023-09-14', 2928),
(100, 679, 0, 5000, 0, '2023-09-14', 2929),
(100, 680, 0, 1537, 0, '2023-09-14', 2930),
(100, 681, 0, 4939, 0, '2023-09-14', 2931),
(100, 682, 0, 5645, 0, '2023-09-14', 2932),
(100, 683, 0, 12840, 0, '2023-09-14', 2933),
(100, 684, 0, 16050, 0, '2023-09-14', 2934),
(100, 685, 0, 4280, 0, '2023-09-14', 2935),
(100, 686, 0, 4815, 0, '2023-09-14', 2936),
(100, 687, 0, 3210, 0, '2023-09-14', 2937),
(100, 688, 0, 2568, 0, '2023-09-14', 2938),
(100, 689, 0, 3074, 0, '2023-09-14', 2939),
(100, 690, 0, 2354, 0, '2023-09-14', 2940),
(100, 691, 0, 4218, 0, '2023-09-14', 2941),
(100, 692, 0, 8089, 0, '2023-09-14', 2942),
(100, 693, 0, 23112, 0, '2023-09-14', 2943),
(100, 694, 0, 18490, 0, '2023-09-14', 2944),
(100, 695, 0, 9129, 0, '2023-09-14', 2945),
(100, 696, 0, 17288, 0, '2023-09-14', 2946),
(100, 697, 0, 5547, 0, '2023-09-14', 2947),
(100, 698, 0, 23112, 0, '2023-09-14', 2948),
(100, 699, 0, 27734, 0, '2023-09-14', 2949),
(100, 700, 0, 17334, 0, '2023-09-14', 2950),
(100, 701, 0, 8089, 0, '2023-09-14', 2951),
(100, 702, 0, 3467, 0, '2023-09-14', 2952),
(100, 703, 0, 5374, 0, '2023-09-14', 2953),
(100, 704, 0, 847, 0, '2023-09-14', 2954),
(100, 1343, 0, 515, 0, '2023-09-14', 2955),
(100, 1344, 0, 805, 0, '2023-09-14', 2956),
(100, 1345, 0, 5200, 0, '2023-09-14', 2957),
(100, 1346, 0, 6986, 0, '2023-09-14', 2958),
(100, 1347, 0, 4780, 0, '2023-09-14', 2959),
(100, 1348, 0, 4743, 0, '2023-09-14', 2960),
(100, 1349, 0, 4908, 0, '2023-09-14', 2961),
(100, 1350, 0, 6474, 0, '2023-09-14', 2962),
(100, 1351, 0, 6474, 0, '2023-09-14', 2963),
(100, 1352, 0, 6448, 0, '2023-09-14', 2964),
(100, 1353, 0, 5140, 0, '2023-09-14', 2965),
(100, 1354, 0, 4304, 0, '2023-09-14', 2966),
(100, 1355, 0, 10000, 0, '2023-09-14', 2967),
(100, 1356, 0, 2458, 0, '2023-09-14', 2968),
(100, 1357, 0, 2458, 0, '2023-09-14', 2969),
(100, 1358, 0, 9630, 0, '2023-09-14', 2970),
(100, 1359, 0, 22000, 0, '2023-09-14', 2971),
(100, 1360, 0, 9220, 0, '2023-09-14', 2972),
(100, 1361, 0, 4387, 0, '2023-09-14', 2973),
(100, 1362, 0, 6148, 0, '2023-09-14', 2974),
(100, 1363, 0, 3995, 0, '2023-09-14', 2975),
(100, 1364, 0, 3074, 0, '2023-09-14', 2976),
(100, 1365, 0, 1845, 0, '2023-09-14', 2977),
(100, 1366, 0, 6148, 0, '2023-09-14', 2978),
(100, 1367, 0, 6148, 0, '2023-09-14', 2979),
(101, 1202, 0, 1852.01, 0, '2023-09-14', 2980),
(101, 1203, 0, 1757.9, 0, '2023-09-14', 2981),
(101, 1204, 0, 1757.9, 0, '2023-09-14', 2982),
(101, 1205, 0, 1757.9, 0, '2023-09-14', 2983),
(101, 1206, 0, 1757.9, 0, '2023-09-14', 2984),
(101, 1207, 0, 1757.9, 0, '2023-09-14', 2985),
(101, 1208, 0, 1757.9, 0, '2023-09-14', 2986),
(101, 1209, 0, 6481.2, 0, '2023-09-14', 2987),
(101, 1210, 0, 6481.2, 0, '2023-09-14', 2988),
(101, 1211, 0, 11400, 0, '2023-09-14', 2989),
(101, 1212, 0, 15200, 0, '2023-09-14', 2990),
(101, 1213, 0, 2235.32, 0, '2023-09-14', 2991),
(101, 1214, 0, 2346.85, 0, '2023-09-14', 2992),
(101, 1215, 0, 2132.69, 0, '2023-09-14', 2993),
(101, 1216, 0, 2346.85, 0, '2023-09-14', 2994),
(101, 1217, 0, 2698.67, 0, '2023-09-14', 2995),
(101, 1218, 0, 2698.67, 0, '2023-09-14', 2996),
(101, 1219, 0, 2630.37, 0, '2023-09-14', 2997),
(101, 1220, 0, 950.37, 0, '2023-09-14', 2998),
(101, 1221, 0, 1833.67, 0, '2023-09-14', 2999),
(101, 1222, 0, 2003.3, 0, '2023-09-14', 3000),
(101, 1223, 0, 3091.95, 0, '2023-09-14', 3001),
(101, 1224, 0, 1784.67, 0, '2023-09-14', 3002),
(101, 1225, 0, 2893.92, 0, '2023-09-14', 3003),
(101, 1226, 0, 2471.77, 0, '2023-09-14', 3004),
(101, 1227, 0, 3007.18, 0, '2023-09-14', 3005),
(101, 1228, 0, 3199.06, 0, '2023-09-14', 3006),
(101, 1229, 0, 1070.83, 0, '2023-09-14', 3007),
(101, 1230, 0, 876.4, 0, '2023-09-14', 3008),
(101, 1231, 0, 785.31, 0, '2023-09-14', 3009),
(101, 1232, 0, 999.38, 0, '2023-09-14', 3010),
(101, 1233, 0, 2418.27, 0, '2023-09-14', 3011),
(101, 1234, 0, 4033.39, 0, '2023-09-14', 3012),
(101, 1235, 0, 4989.58, 0, '2023-09-14', 3013),
(101, 1236, 0, 2418.27, 0, '2023-09-14', 3014),
(101, 1237, 0, 2819.84, 0, '2023-09-14', 3015),
(101, 1238, 0, 1860.59, 0, '2023-09-14', 3016),
(101, 1239, 0, 1494.68, 0, '2023-09-14', 3017),
(101, 1240, 0, 1200.25, 0, '2023-09-14', 3018),
(101, 1241, 0, 12569.5, 0, '2023-09-14', 3019),
(101, 1242, 0, 6745.34, 0, '2023-09-14', 3020),
(101, 1243, 0, 2712.67, 0, '2023-09-14', 3021),
(101, 1244, 0, 2052.36, 0, '2023-09-14', 3022),
(101, 1245, 0, 2052.36, 0, '2023-09-14', 3023),
(101, 1246, 0, 2065.82, 0, '2023-09-14', 3024),
(101, 1247, 0, 4484.06, 0, '2023-09-14', 3025),
(101, 1248, 0, 6201.8, 0, '2023-09-14', 3026),
(102, 1249, 0, 2279.78, 0, '2023-09-14', 3027),
(102, 1250, 0, 1838.22, 0, '2023-09-14', 3028),
(102, 1251, 0, 1838.22, 0, '2023-09-14', 3029),
(102, 1252, 0, 1838.22, 0, '2023-09-14', 3030),
(102, 1253, 0, 2163.93, 0, '2023-09-14', 3031),
(102, 1254, 0, 1838.22, 0, '2023-09-14', 3032),
(102, 1255, 0, 1838.22, 0, '2023-09-14', 3033),
(102, 1256, 0, 6481.2, 0, '2023-09-14', 3034),
(102, 1257, 0, 6481.2, 0, '2023-09-14', 3035),
(102, 1258, 0, 11400, 0, '2023-09-14', 3036),
(102, 1259, 0, 15200, 0, '2023-09-14', 3037),
(102, 1260, 0, 2458.43, 0, '2023-09-14', 3038),
(102, 1261, 0, 2543.21, 0, '2023-09-14', 3039),
(102, 1262, 0, 2346.85, 0, '2023-09-14', 3040),
(102, 1263, 0, 2619.03, 0, '2023-09-14', 3041),
(102, 1264, 0, 2875.02, 0, '2023-09-14', 3042),
(102, 1265, 0, 2875.02, 0, '2023-09-14', 3043),
(102, 1266, 0, 2664.63, 0, '2023-09-14', 3044),
(102, 1267, 0, 1035.09, 0, '2023-09-14', 3045),
(102, 1268, 0, 2257.21, 0, '2023-09-14', 3046),
(102, 1269, 0, 2083.61, 0, '2023-09-14', 3047),
(102, 1270, 0, 3158.87, 0, '2023-09-14', 3048),
(102, 1271, 0, 2893.92, 0, '2023-09-14', 3049),
(102, 1272, 0, 2471.77, 0, '2023-09-14', 3050),
(102, 1273, 0, 3007.18, 0, '2023-09-14', 3051),
(102, 1274, 0, 3199.06, 0, '2023-09-14', 3052),
(102, 1275, 0, 1070.83, 0, '2023-09-14', 3053),
(102, 1276, 0, 961.01, 0, '2023-09-14', 3054),
(102, 1277, 0, 1084.19, 0, '2023-09-14', 3055),
(102, 1278, 0, 2619.03, 0, '2023-09-14', 3056),
(102, 1279, 0, 4243.08, 0, '2023-09-14', 3057),
(102, 1280, 0, 4989.58, 0, '2023-09-14', 3058),
(102, 1281, 0, 2619.03, 0, '2023-09-14', 3059),
(102, 1282, 0, 2819.84, 0, '2023-09-14', 3060),
(102, 1283, 0, 1981, 0, '2023-09-14', 3061),
(102, 1284, 0, 1494.68, 0, '2023-09-14', 3062),
(102, 1285, 0, 1334.05, 0, '2023-09-14', 3063),
(102, 1286, 0, 12569.5, 0, '2023-09-14', 3064),
(102, 1287, 0, 6745.34, 0, '2023-09-14', 3065),
(102, 1288, 0, 3078.55, 0, '2023-09-14', 3066),
(102, 1289, 0, 2132.69, 0, '2023-09-14', 3067),
(102, 1290, 0, 2132.69, 0, '2023-09-14', 3068),
(102, 1291, 0, 2195.2, 0, '2023-09-14', 3069),
(102, 1292, 0, 4484.06, 0, '2023-09-14', 3070),
(102, 1293, 0, 6630.12, 0, '2023-09-14', 3071),
(102, 1294, 0, 4484.06, 0, '2023-09-14', 3072),
(102, 1295, 0, 6201.8, 0, '2023-09-14', 3073),
(103, 635, 0, 3169, 0, '2023-09-14', 3074),
(103, 636, 0, 3339, 0, '2023-09-14', 3075),
(103, 637, 0, 6479, 0, '2023-09-14', 3076),
(103, 638, 0, 10899, 0, '2023-09-14', 3077),
(103, 639, 0, 13619, 0, '2023-09-14', 3078),
(103, 640, 0, 4269, 0, '2023-09-14', 3079),
(103, 641, 0, 4269, 0, '2023-09-14', 3080),
(103, 642, 0, 4500, 0, '2023-09-14', 3081),
(103, 643, 0, 6000, 0, '2023-09-14', 3082),
(103, 644, 0, 6900, 0, '2023-09-14', 3083),
(103, 645, 0, 2739, 0, '2023-09-14', 3084),
(103, 646, 0, 3079, 0, '2023-09-14', 3085),
(103, 647, 0, 2909, 0, '2023-09-14', 3086),
(103, 648, 0, 2909, 0, '2023-09-14', 3087),
(103, 649, 0, 3589, 0, '2023-09-14', 3088),
(103, 650, 0, 6900, 0, '2023-09-14', 3089),
(103, 651, 0, 8179, 0, '2023-09-14', 3090),
(103, 652, 0, 4269, 0, '2023-09-14', 3091),
(103, 653, 0, 3079, 0, '2023-09-14', 3092),
(103, 654, 0, 3419, 0, '2023-09-14', 3093),
(103, 655, 0, 4099, 0, '2023-09-14', 3094),
(103, 656, 0, 1549, 0, '2023-09-14', 3095),
(103, 657, 0, 2909, 0, '2023-09-14', 3096),
(103, 658, 0, 4269, 0, '2023-09-14', 3097),
(103, 659, 0, 5799, 0, '2023-09-14', 3098),
(103, 660, 0, 4099, 0, '2023-09-14', 3099),
(103, 661, 0, 4099, 0, '2023-09-14', 3100),
(103, 662, 0, 4099, 0, '2023-09-14', 3101),
(103, 663, 0, 5799, 0, '2023-09-14', 3102),
(103, 664, 0, 6139, 0, '2023-09-14', 3103),
(103, 665, 0, 6819, 0, '2023-09-14', 3104),
(103, 666, 0, 4269, 0, '2023-09-14', 3105),
(103, 667, 0, 7499, 0, '2023-09-14', 3106),
(103, 668, 0, 3079, 0, '2023-09-14', 3107),
(103, 669, 0, 7499, 0, '2023-09-14', 3108),
(103, 670, 0, 14469, 0, '2023-09-14', 3109),
(103, 677, 0, 15149, 0, '2023-09-14', 3110),
(103, 671, 0, 5969, 0, '2023-09-14', 3111),
(103, 672, 0, 7499, 0, '2023-09-14', 3112),
(103, 673, 0, 5799, 0, '2023-09-14', 3113),
(103, 674, 0, 4269, 0, '2023-09-14', 3114),
(103, 675, 0, 6819, 0, '2023-09-14', 3115),
(103, 676, 0, 4099, 0, '2023-09-14', 3116),
(104, 1296, 0, 2307.93, 0, '2023-09-14', 3117),
(104, 1297, 0, 2021.12, 0, '2023-09-14', 3118),
(104, 1298, 0, 2021.12, 0, '2023-09-14', 3119),
(104, 1299, 0, 2021.12, 0, '2023-09-14', 3120),
(104, 1300, 0, 2190.67, 0, '2023-09-14', 3121),
(104, 1301, 0, 2021.12, 0, '2023-09-14', 3122),
(104, 1302, 0, 2021.12, 0, '2023-09-14', 3123),
(104, 1303, 0, 6481.2, 0, '2023-09-14', 3124),
(104, 1304, 0, 6481.2, 0, '2023-09-14', 3125),
(104, 1305, 0, 11400, 0, '2023-09-14', 3126),
(104, 1306, 0, 15200, 0, '2023-09-14', 3127),
(104, 1307, 0, 2663.62, 0, '2023-09-14', 3128),
(104, 1308, 0, 2989.39, 0, '2023-09-14', 3129),
(104, 1309, 0, 2663.62, 0, '2023-09-14', 3130),
(104, 1310, 0, 2989.39, 0, '2023-09-14', 3131),
(104, 1311, 0, 3129.71, 0, '2023-09-14', 3132),
(104, 1312, 0, 3129.71, 0, '2023-09-14', 3133),
(104, 1313, 0, 3076.02, 0, '2023-09-14', 3134),
(104, 1314, 0, 1200.25, 0, '2023-09-14', 3135),
(104, 1315, 0, 2285.17, 0, '2023-09-14', 3136),
(104, 1316, 0, 2503, 0, '2023-09-14', 3137),
(104, 1317, 0, 3315.05, 0, '2023-09-14', 3138),
(104, 1318, 0, 2074.75, 0, '2023-09-14', 3139),
(104, 1319, 0, 3273.49, 0, '2023-09-14', 3140),
(104, 1320, 0, 2471.77, 0, '2023-09-14', 3141),
(104, 1321, 0, 2471.77, 0, '2023-09-14', 3142),
(104, 1322, 0, 2471.77, 0, '2023-09-14', 3143),
(104, 1323, 0, 2797.49, 0, '2023-09-14', 3144),
(104, 1324, 0, 2797.49, 0, '2023-09-14', 3145),
(104, 1325, 0, 3007.18, 0, '2023-09-14', 3146),
(104, 1326, 0, 3007.18, 0, '2023-09-14', 3147),
(104, 1327, 0, 3007.18, 0, '2023-09-14', 3148),
(104, 1328, 0, 3007.18, 0, '2023-09-14', 3149),
(104, 1329, 0, 3007.18, 0, '2023-09-14', 3150),
(104, 1330, 0, 3007.18, 0, '2023-09-14', 3151),
(104, 1331, 0, 3199.06, 0, '2023-09-14', 3152),
(104, 1332, 0, 3199.06, 0, '2023-09-14', 3153),
(104, 1333, 0, 3199.06, 0, '2023-09-14', 3154),
(104, 1334, 0, 1119.85, 0, '2023-09-14', 3155),
(104, 1335, 0, 961.01, 0, '2023-09-14', 3156),
(104, 1336, 0, 861.12, 0, '2023-09-14', 3157),
(104, 1337, 0, 1084.19, 0, '2023-09-14', 3158),
(104, 1338, 0, 2619.03, 0, '2023-09-14', 3159),
(104, 1339, 0, 4243.08, 0, '2023-09-14', 3160),
(104, 1340, 0, 4989.58, 0, '2023-09-14', 3161),
(104, 1341, 0, 2967.05, 0, '2023-09-14', 3162),
(104, 1342, 0, 2819.84, 0, '2023-09-14', 3163),
(105, 386, 20, 3920, 78400, '2023-09-14', 3168),
(105, 420, 1, 2660, 2660, '2023-09-14', 3202),
(105, 430, 2, 476, 952, '2023-09-14', 3212),
(105, 438, 1, 2531.2, 2531.2, '2023-09-14', 3220),
(105, 444, 1, 15120, 15120, '2023-09-14', 3226),
(106, 576, 0, 3304, 0, '2023-09-14', 3251),
(106, 577, 0, 3704, 0, '2023-09-14', 3252),
(106, 578, 0, 5115, 0, '2023-09-14', 3253),
(106, 579, 0, 8043, 0, '2023-09-14', 3254),
(106, 580, 0, 11300, 0, '2023-09-14', 3255),
(106, 581, 0, 13538, 0, '2023-09-14', 3256),
(106, 582, 0, 17015, 0, '2023-09-14', 3257),
(106, 583, 0, 20742, 0, '2023-09-14', 3258),
(106, 584, 0, 26280, 0, '2023-09-14', 3259),
(106, 585, 0, 9207, 0, '2023-09-14', 3260),
(106, 586, 0, 6502, 0, '2023-09-14', 3261),
(106, 587, 0, 6561, 0, '2023-09-14', 3262),
(106, 588, 0, 3457, 0, '2023-09-14', 3263),
(106, 589, 0, 4915, 0, '2023-09-14', 3264),
(106, 590, 0, 4915, 0, '2023-09-14', 3265),
(106, 591, 0, 4390, 0, '2023-09-14', 3266),
(106, 592, 0, 6314, 0, '2023-09-14', 3267),
(106, 1490, 0, 40050, 0, '2023-09-14', 3268),
(106, 1491, 0, 27050, 0, '2023-09-14', 3269),
(106, 1492, 0, 86430, 0, '2023-09-14', 3270),
(106, 1493, 0, 54090, 0, '2023-09-14', 3271),
(106, 1494, 0, 119430, 0, '2023-09-14', 3272),
(106, 593, 0, 7300, 0, '2023-09-14', 3273),
(106, 594, 0, 19330, 0, '2023-09-14', 3274),
(106, 595, 0, 14360, 0, '2023-09-14', 3275),
(106, 596, 0, 11520, 0, '2023-09-14', 3276),
(106, 597, 0, 15800, 0, '2023-09-14', 3277),
(106, 598, 0, 4730, 0, '2023-09-14', 3278),
(106, 599, 0, 2640, 0, '2023-09-14', 3279),
(106, 1495, 0, 5280, 0, '2023-09-14', 3280),
(106, 600, 0, 4920, 0, '2023-09-14', 3281),
(106, 601, 0, 2500, 0, '2023-09-14', 3282),
(106, 602, 0, 3500, 0, '2023-09-14', 3283),
(106, 603, 0, 1780, 0, '2023-09-14', 3284),
(106, 604, 0, 2590, 0, '2023-09-14', 3285),
(106, 1496, 0, 1780, 0, '2023-09-14', 3286),
(106, 1497, 0, 7090, 0, '2023-09-14', 3287),
(106, 1498, 0, 10900, 0, '2023-09-14', 3288),
(106, 1499, 0, 2210, 0, '2023-09-14', 3289),
(106, 1500, 0, 24230, 0, '2023-09-14', 3290),
(106, 1501, 0, 18500, 0, '2023-09-14', 3291),
(106, 1502, 0, 13640, 0, '2023-09-14', 3292),
(106, 1503, 0, 26460, 0, '2023-09-14', 3293),
(106, 1504, 0, 17270, 0, '2023-09-14', 3294),
(106, 1505, 0, 7000, 0, '2023-09-14', 3295),
(106, 1506, 0, 7000, 0, '2023-09-14', 3296),
(106, 605, 0, 7420, 0, '2023-09-14', 3297),
(106, 1507, 0, 3710, 0, '2023-09-14', 3298),
(106, 606, 0, 8850, 0, '2023-09-14', 3299),
(106, 607, 0, 7940, 0, '2023-09-14', 3300),
(106, 608, 0, 7940, 0, '2023-09-14', 3301),
(106, 609, 0, 8850, 0, '2023-09-14', 3302),
(106, 610, 0, 9770, 0, '2023-09-14', 3303),
(106, 611, 0, 7940, 0, '2023-09-14', 3304),
(106, 612, 0, 24510, 0, '2023-09-14', 3305),
(106, 613, 0, 24510, 0, '2023-09-14', 3306),
(106, 614, 0, 9770, 0, '2023-09-14', 3307),
(106, 615, 0, 12550, 0, '2023-09-14', 3308),
(106, 616, 0, 13420, 0, '2023-09-14', 3309),
(106, 617, 0, 20710, 0, '2023-09-14', 3310),
(106, 618, 0, 7940, 0, '2023-09-14', 3311),
(106, 1508, 0, 15520, 0, '2023-09-14', 3312),
(106, 1509, 0, 27170, 0, '2023-09-14', 3313),
(106, 1510, 0, 37590, 0, '2023-09-14', 3314),
(106, 1511, 0, 15520, 0, '2023-09-14', 3315),
(106, 1512, 0, 27170, 0, '2023-09-14', 3316),
(106, 1513, 0, 37590, 0, '2023-09-14', 3317),
(106, 619, 0, 11550, 0, '2023-09-14', 3318),
(106, 1514, 0, 13880, 0, '2023-09-14', 3319),
(107, 1105, 0, 3218, 0, '2023-09-14', 3320),
(107, 1106, 0, 4330, 0, '2023-09-14', 3321),
(107, 1107, 0, 5095, 0, '2023-09-14', 3322),
(107, 1108, 0, 6811, 0, '2023-09-14', 3323),
(107, 1109, 0, 10706, 0, '2023-09-14', 3324),
(107, 1110, 0, 8873, 0, '2023-09-14', 3325),
(107, 1111, 0, 10706, 0, '2023-09-14', 3326),
(107, 1112, 0, 15373, 0, '2023-09-14', 3327),
(107, 1113, 0, 24668, 0, '2023-09-14', 3328),
(107, 1114, 0, 28868, 0, '2023-09-14', 3329),
(107, 1115, 0, 35572, 0, '2023-09-14', 3330),
(107, 1116, 0, 11374, 0, '2023-09-14', 3331),
(107, 1117, 0, 11369, 0, '2023-09-14', 3332),
(107, 1118, 0, 6523, 0, '2023-09-14', 3333),
(107, 1119, 0, 2904, 0, '2023-09-14', 3334),
(107, 1120, 0, 3809, 0, '2023-09-14', 3335),
(107, 1121, 0, 7657, 0, '2023-09-14', 3336),
(107, 1122, 0, 17837, 0, '2023-09-14', 3337),
(107, 1123, 0, 13839, 0, '2023-09-14', 3338),
(107, 1124, 0, 9476, 0, '2023-09-14', 3339),
(107, 1523, 0, 9108, 0, '2023-09-14', 3340),
(107, 1126, 0, 4375, 0, '2023-09-14', 3341),
(107, 1127, 0, 4664, 0, '2023-09-14', 3342),
(107, 1128, 0, 8967, 0, '2023-09-14', 3343),
(107, 1515, 0, 1533, 0, '2023-09-14', 3344),
(107, 1516, 0, 1533, 0, '2023-09-14', 3345),
(107, 1517, 0, 6057, 0, '2023-09-14', 3346),
(107, 1518, 0, 9212, 0, '2023-09-14', 3347),
(107, 1519, 0, 8044, 0, '2023-09-14', 3348),
(107, 1520, 0, 8044, 0, '2023-09-14', 3349),
(107, 1135, 0, 8044, 0, '2023-09-14', 3350),
(107, 1136, 0, 7706, 0, '2023-09-14', 3351),
(107, 1137, 0, 6770, 0, '2023-09-14', 3352),
(107, 1138, 0, 6712, 0, '2023-09-14', 3353),
(107, 1139, 0, 7489, 0, '2023-09-14', 3354),
(107, 1140, 0, 8022, 0, '2023-09-14', 3355),
(107, 1141, 0, 7489, 0, '2023-09-14', 3356),
(107, 1142, 0, 7502, 0, '2023-09-14', 3357),
(107, 1521, 0, 12636, 0, '2023-09-14', 3358),
(107, 1522, 0, 28431, 0, '2023-09-14', 3359),
(107, 1145, 0, 21519, 0, '2023-09-14', 3360),
(107, 1146, 0, 8408, 0, '2023-09-14', 3361),
(107, 1147, 0, 10953, 0, '2023-09-14', 3362),
(107, 1148, 0, 11798, 0, '2023-09-14', 3363),
(107, 1149, 0, 18577, 0, '2023-09-14', 3364),
(107, 1150, 0, 6712, 0, '2023-09-14', 3365),
(107, 1151, 0, 9253, 0, '2023-09-14', 3366),
(108, 635, 0, 3169, 0, '2023-09-15', 3367),
(108, 636, 0, 3339, 0, '2023-09-15', 3368),
(108, 637, 0, 6479, 0, '2023-09-15', 3369),
(108, 638, 0, 10899, 0, '2023-09-15', 3370),
(108, 639, 0, 13619, 0, '2023-09-15', 3371),
(108, 640, 0, 4269, 0, '2023-09-15', 3372),
(108, 641, 0, 4269, 0, '2023-09-15', 3373),
(108, 642, 0, 4500, 0, '2023-09-15', 3374),
(108, 643, 0, 6000, 0, '2023-09-15', 3375),
(108, 644, 0, 6900, 0, '2023-09-15', 3376),
(108, 645, 0, 2739, 0, '2023-09-15', 3377),
(108, 646, 0, 3079, 0, '2023-09-15', 3378),
(108, 647, 0, 2909, 0, '2023-09-15', 3379),
(108, 648, 0, 2909, 0, '2023-09-15', 3380),
(108, 649, 0, 3589, 0, '2023-09-15', 3381),
(108, 650, 0, 6900, 0, '2023-09-15', 3382),
(108, 651, 0, 8179, 0, '2023-09-15', 3383),
(108, 652, 0, 4269, 0, '2023-09-15', 3384),
(108, 653, 0, 3079, 0, '2023-09-15', 3385),
(108, 654, 0, 3419, 0, '2023-09-15', 3386),
(108, 655, 0, 4099, 0, '2023-09-15', 3387),
(108, 656, 0, 1549, 0, '2023-09-15', 3388),
(108, 657, 0, 2909, 0, '2023-09-15', 3389),
(108, 658, 0, 4269, 0, '2023-09-15', 3390),
(108, 659, 0, 5799, 0, '2023-09-15', 3391),
(108, 660, 0, 4099, 0, '2023-09-15', 3392),
(108, 661, 0, 4099, 0, '2023-09-15', 3393),
(108, 662, 0, 4099, 0, '2023-09-15', 3394),
(108, 663, 0, 5799, 0, '2023-09-15', 3395),
(108, 664, 0, 6139, 0, '2023-09-15', 3396),
(108, 665, 0, 6819, 0, '2023-09-15', 3397),
(108, 666, 0, 4269, 0, '2023-09-15', 3398),
(108, 667, 0, 7499, 0, '2023-09-15', 3399),
(108, 668, 0, 3079, 0, '2023-09-15', 3400),
(108, 669, 0, 7499, 0, '2023-09-15', 3401),
(108, 670, 0, 14469, 0, '2023-09-15', 3402),
(108, 677, 0, 15149, 0, '2023-09-15', 3403),
(108, 671, 0, 5969, 0, '2023-09-15', 3404),
(108, 672, 0, 7499, 0, '2023-09-15', 3405),
(108, 673, 0, 5799, 0, '2023-09-15', 3406),
(108, 674, 0, 4269, 0, '2023-09-15', 3407),
(108, 675, 0, 6819, 0, '2023-09-15', 3408),
(108, 676, 0, 4099, 0, '2023-09-15', 3409),
(109, 1105, 0, 3218, 0, '2023-09-15', 3410),
(109, 1106, 0, 4330, 0, '2023-09-15', 3411),
(109, 1107, 0, 5095, 0, '2023-09-15', 3412),
(109, 1108, 0, 6811, 0, '2023-09-15', 3413),
(109, 1109, 0, 10706, 0, '2023-09-15', 3414),
(109, 1110, 0, 8873, 0, '2023-09-15', 3415),
(109, 1111, 0, 10706, 0, '2023-09-15', 3416),
(109, 1112, 0, 15373, 0, '2023-09-15', 3417),
(109, 1113, 0, 24668, 0, '2023-09-15', 3418),
(109, 1114, 0, 28868, 0, '2023-09-15', 3419),
(109, 1115, 0, 35572, 0, '2023-09-15', 3420),
(109, 1116, 0, 11374, 0, '2023-09-15', 3421),
(109, 1117, 0, 11369, 0, '2023-09-15', 3422),
(109, 1118, 0, 6523, 0, '2023-09-15', 3423),
(109, 1119, 0, 2904, 0, '2023-09-15', 3424),
(109, 1120, 0, 3809, 0, '2023-09-15', 3425),
(109, 1121, 0, 7657, 0, '2023-09-15', 3426),
(109, 1122, 0, 17837, 0, '2023-09-15', 3427),
(109, 1123, 0, 13839, 0, '2023-09-15', 3428),
(109, 1124, 0, 9476, 0, '2023-09-15', 3429),
(109, 1523, 0, 9108, 0, '2023-09-15', 3430),
(109, 1126, 0, 4375, 0, '2023-09-15', 3431),
(109, 1127, 0, 4664, 0, '2023-09-15', 3432),
(109, 1128, 0, 8967, 0, '2023-09-15', 3433),
(109, 1515, 0, 1533, 0, '2023-09-15', 3434),
(109, 1516, 0, 1533, 0, '2023-09-15', 3435),
(109, 1517, 0, 6057, 0, '2023-09-15', 3436),
(109, 1518, 0, 9212, 0, '2023-09-15', 3437),
(109, 1519, 0, 8044, 0, '2023-09-15', 3438),
(109, 1520, 0, 8044, 0, '2023-09-15', 3439),
(109, 1135, 0, 8044, 0, '2023-09-15', 3440),
(109, 1136, 0, 7706, 0, '2023-09-15', 3441),
(109, 1137, 0, 6770, 0, '2023-09-15', 3442),
(109, 1138, 0, 6712, 0, '2023-09-15', 3443),
(109, 1139, 0, 7489, 0, '2023-09-15', 3444),
(109, 1140, 0, 8022, 0, '2023-09-15', 3445),
(109, 1141, 0, 7489, 0, '2023-09-15', 3446),
(109, 1142, 0, 7502, 0, '2023-09-15', 3447),
(109, 1521, 0, 12636, 0, '2023-09-15', 3448),
(109, 1522, 0, 28431, 0, '2023-09-15', 3449),
(109, 1145, 0, 21519, 0, '2023-09-15', 3450),
(109, 1146, 0, 8408, 0, '2023-09-15', 3451),
(109, 1147, 0, 10953, 0, '2023-09-15', 3452),
(109, 1148, 0, 11798, 0, '2023-09-15', 3453),
(109, 1149, 0, 18577, 0, '2023-09-15', 3454),
(109, 1150, 0, 6712, 0, '2023-09-15', 3455),
(109, 1151, 0, 9253, 0, '2023-09-15', 3456),
(110, 636, 1, 3339, 3339, '2023-09-15', 3458),
(110, 650, 1, 6900, 6900, '2023-09-15', 3472),
(110, 666, 1, 4269, 4269, '2023-09-15', 3488),
(112, 805, 1, 1724, 1724, '2023-09-15', 3509),
(112, 806, 2, 4599, 9198, '2023-09-15', 3510),
(114, 762, 2, 2600, 5200, '2023-09-16', 3555),
(114, 763, 2, 5900, 11800, '2023-09-16', 3556),
(114, 771, 1, 6000, 6000, '2023-09-16', 3564),
(114, 772, 1, 1000, 1000, '2023-09-16', 3565),
(115, 635, 0, 3169, 0, '2023-09-15', 3567),
(115, 636, 0, 3339, 0, '2023-09-15', 3568),
(115, 637, 0, 6479, 0, '2023-09-15', 3569),
(115, 638, 0, 10899, 0, '2023-09-15', 3570),
(115, 639, 0, 13619, 0, '2023-09-15', 3571),
(115, 640, 0, 4269, 0, '2023-09-15', 3572),
(115, 641, 0, 4269, 0, '2023-09-15', 3573),
(115, 642, 0, 4500, 0, '2023-09-15', 3574),
(115, 643, 0, 6000, 0, '2023-09-15', 3575),
(115, 644, 0, 6900, 0, '2023-09-15', 3576),
(115, 645, 0, 2739, 0, '2023-09-15', 3577),
(115, 646, 0, 3079, 0, '2023-09-15', 3578),
(115, 647, 0, 2909, 0, '2023-09-15', 3579),
(115, 648, 0, 2909, 0, '2023-09-15', 3580),
(115, 649, 0, 3589, 0, '2023-09-15', 3581),
(115, 650, 0, 6900, 0, '2023-09-15', 3582),
(115, 651, 0, 8179, 0, '2023-09-15', 3583),
(115, 652, 0, 4269, 0, '2023-09-15', 3584),
(115, 653, 0, 3079, 0, '2023-09-15', 3585),
(115, 654, 0, 3419, 0, '2023-09-15', 3586),
(115, 655, 0, 4099, 0, '2023-09-15', 3587),
(115, 656, 0, 1549, 0, '2023-09-15', 3588),
(115, 657, 0, 2909, 0, '2023-09-15', 3589),
(115, 658, 0, 4269, 0, '2023-09-15', 3590),
(115, 659, 0, 5799, 0, '2023-09-15', 3591),
(115, 660, 0, 4099, 0, '2023-09-15', 3592),
(115, 661, 0, 4099, 0, '2023-09-15', 3593),
(115, 662, 0, 4099, 0, '2023-09-15', 3594),
(115, 663, 0, 5799, 0, '2023-09-15', 3595),
(115, 664, 0, 6139, 0, '2023-09-15', 3596),
(115, 665, 0, 6819, 0, '2023-09-15', 3597),
(115, 666, 0, 4269, 0, '2023-09-15', 3598),
(115, 667, 0, 7499, 0, '2023-09-15', 3599),
(115, 668, 0, 3079, 0, '2023-09-15', 3600),
(115, 669, 0, 7499, 0, '2023-09-15', 3601),
(115, 670, 0, 14469, 0, '2023-09-15', 3602),
(115, 677, 0, 15149, 0, '2023-09-15', 3603),
(115, 671, 0, 5969, 0, '2023-09-15', 3604),
(115, 672, 0, 7499, 0, '2023-09-15', 3605),
(115, 673, 0, 5799, 0, '2023-09-15', 3606),
(115, 674, 0, 4269, 0, '2023-09-15', 3607),
(115, 675, 0, 6819, 0, '2023-09-15', 3608),
(115, 676, 0, 4099, 0, '2023-09-15', 3609),
(116, 635, 0, 3169, 0, '2023-09-19', 3610),
(116, 636, 0, 3339, 0, '2023-09-19', 3611),
(116, 637, 0, 6479, 0, '2023-09-19', 3612),
(116, 638, 0, 10899, 0, '2023-09-19', 3613),
(116, 639, 0, 13619, 0, '2023-09-19', 3614),
(116, 640, 0, 4269, 0, '2023-09-19', 3615),
(116, 641, 0, 4269, 0, '2023-09-19', 3616),
(116, 642, 0, 4500, 0, '2023-09-19', 3617),
(116, 643, 0, 6000, 0, '2023-09-19', 3618),
(116, 644, 0, 6900, 0, '2023-09-19', 3619),
(116, 645, 0, 2739, 0, '2023-09-19', 3620),
(116, 646, 0, 3079, 0, '2023-09-19', 3621),
(116, 647, 0, 2909, 0, '2023-09-19', 3622),
(116, 648, 0, 2909, 0, '2023-09-19', 3623),
(116, 649, 0, 3589, 0, '2023-09-19', 3624),
(116, 650, 0, 6900, 0, '2023-09-19', 3625),
(116, 651, 0, 8179, 0, '2023-09-19', 3626),
(116, 652, 0, 4269, 0, '2023-09-19', 3627),
(116, 653, 0, 3079, 0, '2023-09-19', 3628),
(116, 654, 0, 3419, 0, '2023-09-19', 3629),
(116, 655, 0, 4099, 0, '2023-09-19', 3630),
(116, 656, 0, 1549, 0, '2023-09-19', 3631),
(116, 657, 0, 2909, 0, '2023-09-19', 3632),
(116, 658, 0, 4269, 0, '2023-09-19', 3633),
(116, 659, 0, 5799, 0, '2023-09-19', 3634),
(116, 660, 0, 4099, 0, '2023-09-19', 3635),
(116, 661, 0, 4099, 0, '2023-09-19', 3636),
(116, 662, 0, 4099, 0, '2023-09-19', 3637),
(116, 663, 0, 5799, 0, '2023-09-19', 3638),
(116, 664, 0, 6139, 0, '2023-09-19', 3639),
(116, 665, 0, 6819, 0, '2023-09-19', 3640),
(116, 666, 0, 4269, 0, '2023-09-19', 3641),
(116, 667, 0, 7499, 0, '2023-09-19', 3642),
(116, 668, 0, 3079, 0, '2023-09-19', 3643),
(116, 669, 0, 7499, 0, '2023-09-19', 3644),
(116, 670, 0, 14469, 0, '2023-09-19', 3645),
(116, 677, 0, 15149, 0, '2023-09-19', 3646),
(116, 671, 0, 5969, 0, '2023-09-19', 3647),
(116, 672, 0, 7499, 0, '2023-09-19', 3648),
(116, 673, 0, 5799, 0, '2023-09-19', 3649),
(116, 674, 0, 4269, 0, '2023-09-19', 3650),
(116, 675, 0, 6819, 0, '2023-09-19', 3651),
(116, 676, 0, 4099, 0, '2023-09-19', 3652),
(117, 620, 6, 2584, 15504, '2023-09-17', 3653),
(117, 621, 0, 2806, 0, '2023-09-17', 3654),
(117, 622, 0, 4722, 0, '2023-09-17', 3655),
(117, 623, 11, 6874, 75614, '2023-09-17', 3656),
(117, 624, 2, 9534, 19068, '2023-09-17', 3657),
(117, 625, 0, 13220, 0, '2023-09-17', 3658),
(117, 626, 0, 3805, 0, '2023-09-17', 3659),
(117, 627, 0, 3892, 0, '2023-09-17', 3660),
(117, 628, 0, 3451, 0, '2023-09-17', 3661),
(117, 629, 0, 5573, 0, '2023-09-17', 3662),
(117, 630, 0, 6347, 0, '2023-09-17', 3663),
(117, 631, 0, 7693, 0, '2023-09-17', 3664),
(117, 632, 4, 1474, 5896, '2023-09-17', 3665),
(117, 633, 1, 5082, 5082, '2023-09-17', 3666),
(117, 634, 0, 10182, 0, '2023-09-17', 3667),
(118, 761, 0, 2400, 0, '2023-09-17', 3668),
(118, 762, 0, 2600, 0, '2023-09-17', 3669),
(118, 763, 3, 5900, 17700, '2023-09-17', 3670),
(118, 764, 0, 14700, 0, '2023-09-17', 3671),
(118, 765, 0, 17700, 0, '2023-09-17', 3672),
(118, 766, 0, 5200, 0, '2023-09-17', 3673),
(118, 767, 0, 4700, 0, '2023-09-17', 3674),
(118, 768, 0, 4800, 0, '2023-09-17', 3675),
(118, 769, 0, 3300, 0, '2023-09-17', 3676),
(118, 770, 0, 5700, 0, '2023-09-17', 3677),
(118, 771, 0, 6000, 0, '2023-09-17', 3678),
(118, 772, 0, 1000, 0, '2023-09-17', 3679),
(118, 773, 1, 6700, 6700, '2023-09-17', 3680),
(119, 1404, 0, 5043, 0, '2023-09-16', 3681),
(119, 1405, 0, 5476, 0, '2023-09-16', 3682),
(119, 1406, 1, 1500, 1500, '2023-09-16', 3683),
(119, 1407, 0, 9217, 0, '2023-09-16', 3684),
(119, 1408, 1, 13415, 13415, '2023-09-16', 3685),
(119, 1409, 0, 9891, 0, '2023-09-16', 3686),
(119, 1410, 0, 16371, 0, '2023-09-16', 3687),
(119, 1411, 0, 18258, 0, '2023-09-16', 3688),
(119, 1412, 0, 25803, 0, '2023-09-16', 3689),
(119, 1413, 0, 12388, 0, '2023-09-16', 3690),
(119, 1414, 0, 7428, 0, '2023-09-16', 3691),
(119, 1415, 0, 7595, 0, '2023-09-16', 3692),
(119, 1416, 0, 6735, 0, '2023-09-16', 3693),
(119, 1417, 0, 7216, 0, '2023-09-16', 3694),
(119, 1418, 0, 10877, 0, '2023-09-16', 3695),
(119, 1419, 0, 12388, 0, '2023-09-16', 3696),
(119, 1420, 0, 10877, 0, '2023-09-16', 3697),
(119, 1421, 0, 15015, 0, '2023-09-16', 3698),
(119, 1422, 0, 11344, 0, '2023-09-16', 3699),
(119, 1423, 0, 14931, 0, '2023-09-16', 3700),
(119, 1424, 0, 2877, 0, '2023-09-16', 3701),
(119, 1425, 0, 3930, 0, '2023-09-16', 3702),
(119, 1426, 0, 10872, 0, '2023-09-16', 3703),
(119, 1427, 0, 16594, 0, '2023-09-16', 3704),
(119, 1428, 0, 11553, 0, '2023-09-16', 3705),
(119, 1429, 0, 9919, 0, '2023-09-16', 3706),
(119, 1430, 0, 12594, 0, '2023-09-16', 3707),
(119, 1431, 0, 11244, 0, '2023-09-16', 3708),
(119, 1432, 0, 6666, 0, '2023-09-16', 3709),
(119, 1433, 0, 14127, 0, '2023-09-16', 3710),
(119, 1434, 0, 6168, 0, '2023-09-16', 3711),
(119, 1435, 0, 19873, 0, '2023-09-16', 3712),
(119, 1436, 0, 37884, 0, '2023-09-16', 3713),
(119, 1437, 0, 41353, 0, '2023-09-16', 3714),
(119, 1438, 0, 18258, 0, '2023-09-16', 3715),
(120, 473, 1, 5043, 5043, '2023-09-16', 3716),
(120, 478, 4, 16371, 65484, '2023-09-16', 3721),
(120, 508, 2, 9919, 19838, '2023-09-16', 3751),
(121, 1370, 1, 405, 405, '2023-09-17', 3767),
(121, 1374, 2, 15276, 30552, '2023-09-17', 3772),
(121, 1393, 1, 8824, 8824, '2023-09-17', 3791),
(122, 1110, 3, 8873, 26619, '2023-09-17', 3806),
(123, 775, 2, 4500, 9000, '2023-09-17', 3849),
(123, 777, 1, 2250, 2250, '2023-09-17', 3851),
(123, 780, 1, 1350, 1350, '2023-09-17', 3854),
(124, 774, 0, 2250, 0, '2023-09-17', 3856),
(124, 775, 1, 4500, 4500, '2023-09-17', 3857),
(124, 776, 0, 4500, 0, '2023-09-17', 3858),
(124, 777, 0, 2250, 0, '2023-09-17', 3859),
(124, 778, 0, 2700, 0, '2023-09-17', 3860),
(124, 779, 0, 2250, 0, '2023-09-17', 3861),
(124, 780, 0, 1350, 0, '2023-09-17', 3862),
(124, 781, 1, 5625, 5625, '2023-09-17', 3863),
(125, 875, 0, 3103, 0, '2023-09-17', 3864),
(125, 876, 0, 3724, 0, '2023-09-17', 3865),
(125, 877, 0, 6208, 0, '2023-09-17', 3866),
(125, 878, 0, 6208, 0, '2023-09-17', 3867),
(125, 879, 0, 6208, 0, '2023-09-17', 3868),
(125, 927, 0, 0, 0, '2023-09-17', 3869),
(125, 880, 0, 7450, 0, '2023-09-17', 3870),
(125, 881, 0, 7884, 0, '2023-09-17', 3871),
(125, 882, 0, 7450, 0, '2023-09-17', 3872),
(125, 883, 4, 7884, 31536, '2023-09-17', 3873),
(125, 884, 0, 17381, 0, '2023-09-17', 3874),
(125, 885, 0, 22348, 0, '2023-09-17', 3875),
(125, 886, 0, 17734, 0, '2023-09-17', 3876),
(125, 887, 0, 6208, 0, '2023-09-17', 3877),
(125, 888, 0, 7450, 0, '2023-09-17', 3878),
(125, 889, 0, 3477, 0, '2023-09-17', 3879),
(125, 890, 0, 3477, 0, '2023-09-17', 3880),
(125, 891, 0, 3724, 0, '2023-09-17', 3881),
(125, 892, 0, 3474, 0, '2023-09-17', 3882),
(125, 893, 0, 3474, 0, '2023-09-17', 3883),
(125, 894, 0, 4345, 0, '2023-09-17', 3884),
(125, 895, 0, 14889, 0, '2023-09-17', 3885),
(125, 896, 0, 6208, 0, '2023-09-17', 3886),
(125, 897, 0, 9933, 0, '2023-09-17', 3887),
(125, 898, 0, 17381, 0, '2023-09-17', 3888),
(125, 899, 0, 6829, 0, '2023-09-17', 3889),
(125, 900, 0, 3103, 0, '2023-09-17', 3890),
(125, 901, 0, 3724, 0, '2023-09-17', 3891),
(125, 902, 0, 5586, 0, '2023-09-17', 3892),
(125, 903, 0, 7450, 0, '2023-09-17', 3893),
(125, 904, 0, 3724, 0, '2023-09-17', 3894),
(125, 925, 0, 0, 0, '2023-09-17', 3895),
(125, 905, 0, 1241, 0, '2023-09-17', 3896),
(125, 906, 0, 1490, 0, '2023-09-17', 3897),
(125, 907, 0, 2483, 0, '2023-09-17', 3898),
(125, 908, 0, 5214, 0, '2023-09-17', 3899),
(125, 909, 0, 7450, 0, '2023-09-17', 3900),
(125, 910, 0, 5959, 0, '2023-09-17', 3901),
(125, 911, 0, 5959, 0, '2023-09-17', 3902),
(125, 912, 0, 6208, 0, '2023-09-17', 3903),
(125, 913, 0, 6084, 0, '2023-09-17', 3904),
(125, 914, 0, 5339, 0, '2023-09-17', 3905),
(125, 915, 0, 4966, 0, '2023-09-17', 3906),
(125, 916, 0, 7139, 0, '2023-09-17', 3907),
(125, 917, 0, 15706, 0, '2023-09-17', 3908),
(125, 918, 0, 18624, 0, '2023-09-17', 3909),
(125, 919, 0, 12416, 0, '2023-09-17', 3910),
(125, 920, 0, 7450, 0, '2023-09-17', 3911),
(125, 921, 0, 5586, 0, '2023-09-17', 3912),
(125, 922, 0, 1862, 0, '2023-09-17', 3913),
(125, 923, 0, 3570, 0, '2023-09-17', 3914),
(125, 924, 0, 5961, 0, '2023-09-17', 3915),
(125, 926, 0, 0, 0, '2023-09-17', 3916),
(128, 1105, 0, 3218, 0, '2023-09-19', 4011),
(128, 1106, 0, 4330, 0, '2023-09-19', 4012),
(128, 1107, 0, 5095, 0, '2023-09-19', 4013),
(128, 1108, 0, 6811, 0, '2023-09-19', 4014),
(128, 1109, 0, 10706, 0, '2023-09-19', 4015),
(128, 1110, 0, 8873, 0, '2023-09-19', 4016),
(128, 1111, 0, 10706, 0, '2023-09-19', 4017),
(128, 1112, 0, 15373, 0, '2023-09-19', 4018),
(128, 1113, 0, 24668, 0, '2023-09-19', 4019),
(128, 1114, 0, 28868, 0, '2023-09-19', 4020),
(128, 1115, 0, 35572, 0, '2023-09-19', 4021),
(128, 1116, 0, 11374, 0, '2023-09-19', 4022),
(128, 1117, 0, 11369, 0, '2023-09-19', 4023),
(128, 1118, 0, 6523, 0, '2023-09-19', 4024),
(128, 1119, 0, 2904, 0, '2023-09-19', 4025),
(128, 1120, 0, 3809, 0, '2023-09-19', 4026),
(128, 1121, 0, 7657, 0, '2023-09-19', 4027),
(128, 1122, 0, 17837, 0, '2023-09-19', 4028),
(128, 1123, 0, 13839, 0, '2023-09-19', 4029),
(128, 1124, 0, 9476, 0, '2023-09-19', 4030),
(128, 1523, 0, 9108, 0, '2023-09-19', 4031),
(128, 1126, 0, 4375, 0, '2023-09-19', 4032),
(128, 1127, 0, 4664, 0, '2023-09-19', 4033),
(128, 1128, 0, 8967, 0, '2023-09-19', 4034),
(128, 1515, 0, 1533, 0, '2023-09-19', 4035),
(128, 1516, 0, 1533, 0, '2023-09-19', 4036),
(128, 1517, 0, 6057, 0, '2023-09-19', 4037),
(128, 1518, 0, 9212, 0, '2023-09-19', 4038),
(128, 1519, 0, 8044, 0, '2023-09-19', 4039),
(128, 1520, 0, 8044, 0, '2023-09-19', 4040),
(128, 1135, 0, 8044, 0, '2023-09-19', 4041),
(128, 1136, 0, 7706, 0, '2023-09-19', 4042),
(128, 1137, 0, 6770, 0, '2023-09-19', 4043),
(128, 1138, 0, 6712, 0, '2023-09-19', 4044),
(128, 1139, 0, 7489, 0, '2023-09-19', 4045),
(128, 1140, 0, 8022, 0, '2023-09-19', 4046),
(128, 1141, 0, 7489, 0, '2023-09-19', 4047),
(128, 1142, 0, 7502, 0, '2023-09-19', 4048),
(128, 1521, 0, 12636, 0, '2023-09-19', 4049),
(128, 1522, 0, 28431, 0, '2023-09-19', 4050),
(128, 1145, 0, 21519, 0, '2023-09-19', 4051),
(128, 1146, 0, 8408, 0, '2023-09-19', 4052),
(128, 1147, 0, 10953, 0, '2023-09-19', 4053),
(128, 1148, 0, 11798, 0, '2023-09-19', 4054),
(128, 1149, 0, 18577, 0, '2023-09-19', 4055),
(128, 1150, 0, 6712, 0, '2023-09-19', 4056),
(128, 1151, 0, 9253, 0, '2023-09-19', 4057),
(129, 935, 0, 6882, 0, '2023-09-19', 4058),
(129, 928, 0, 3198, 0, '2023-09-19', 4059),
(129, 929, 0, 3628, 0, '2023-09-19', 4060),
(129, 930, 0, 8635, 0, '2023-09-19', 4061),
(129, 931, 0, 21047, 0, '2023-09-19', 4062),
(129, 932, 0, 25803, 0, '2023-09-19', 4063),
(129, 933, 0, 7310, 0, '2023-09-19', 4064),
(129, 934, 0, 6672, 0, '2023-09-19', 4065),
(129, 936, 0, 3078, 0, '2023-09-19', 4066),
(129, 937, 0, 3412, 0, '2023-09-19', 4067),
(129, 938, 0, 3322, 0, '2023-09-19', 4068),
(129, 939, 0, 2894, 0, '2023-09-19', 4069),
(129, 940, 0, 2936, 0, '2023-09-19', 4070),
(129, 941, 0, 4527, 0, '2023-09-19', 4071),
(129, 942, 0, 23823, 0, '2023-09-19', 4072),
(129, 943, 0, 8007, 0, '2023-09-19', 4073),
(129, 944, 0, 23823, 0, '2023-09-19', 4074),
(129, 945, 0, 3654, 0, '2023-09-19', 4075),
(129, 946, 0, 4143, 0, '2023-09-19', 4076),
(129, 947, 0, 4261, 0, '2023-09-19', 4077),
(129, 948, 0, 5161, 0, '2023-09-19', 4078),
(129, 949, 0, 2103, 0, '2023-09-19', 4079),
(129, 950, 0, 2000, 0, '2023-09-19', 4080),
(129, 951, 0, 1764, 0, '2023-09-19', 4081),
(129, 952, 0, 3000, 0, '2023-09-19', 4082),
(129, 953, 0, 6079, 0, '2023-09-19', 4083),
(129, 954, 0, 8423, 0, '2023-09-19', 4084),
(129, 955, 0, 7215, 0, '2023-09-19', 4085),
(129, 956, 0, 7215, 0, '2023-09-19', 4086),
(129, 958, 0, 5428, 0, '2023-09-19', 4087),
(129, 957, 0, 7222, 0, '2023-09-19', 4088),
(129, 959, 0, 9900, 0, '2023-09-19', 4089),
(129, 960, 0, 5483, 0, '2023-09-19', 4090),
(129, 961, 0, 4173, 0, '2023-09-19', 4091),
(129, 962, 0, 8313, 0, '2023-09-19', 4092),
(129, 963, 0, 3468, 0, '2023-09-19', 4093),
(129, 964, 0, 6702, 0, '2023-09-19', 4094),
(129, 965, 0, 3982, 0, '2023-09-19', 4095),
(129, 966, 0, 15000, 0, '2023-09-19', 4096),
(129, 967, 0, 25000, 0, '2023-09-19', 4097),
(129, 968, 0, 19797, 0, '2023-09-19', 4098),
(129, 969, 0, 8833, 0, '2023-09-19', 4099),
(129, 970, 0, 10500, 0, '2023-09-19', 4100),
(129, 971, 0, 6667, 0, '2023-09-19', 4101),
(129, 972, 0, 7919, 0, '2023-09-19', 4102),
(130, 620, 0, 2584, 0, '2023-09-19', 4103),
(130, 621, 0, 2806, 0, '2023-09-19', 4104),
(130, 622, 0, 4722, 0, '2023-09-19', 4105),
(130, 623, 0, 6874, 0, '2023-09-19', 4106),
(130, 624, 0, 9534, 0, '2023-09-19', 4107),
(130, 625, 0, 13220, 0, '2023-09-19', 4108),
(130, 626, 0, 3805, 0, '2023-09-19', 4109),
(130, 627, 0, 3892, 0, '2023-09-19', 4110),
(130, 628, 0, 3451, 0, '2023-09-19', 4111),
(130, 629, 0, 5573, 0, '2023-09-19', 4112),
(130, 630, 0, 6347, 0, '2023-09-19', 4113),
(130, 631, 0, 7693, 0, '2023-09-19', 4114),
(130, 632, 0, 1474, 0, '2023-09-19', 4115),
(130, 633, 0, 5082, 0, '2023-09-19', 4116),
(130, 634, 0, 10182, 0, '2023-09-19', 4117),
(131, 761, 0, 2400, 0, '2023-09-19', 4118),
(131, 762, 0, 2600, 0, '2023-09-19', 4119),
(131, 763, 0, 5900, 0, '2023-09-19', 4120),
(131, 764, 0, 14700, 0, '2023-09-19', 4121),
(131, 765, 0, 17700, 0, '2023-09-19', 4122),
(131, 766, 0, 5200, 0, '2023-09-19', 4123),
(131, 767, 0, 4700, 0, '2023-09-19', 4124),
(131, 768, 0, 4800, 0, '2023-09-19', 4125),
(131, 769, 0, 3300, 0, '2023-09-19', 4126),
(131, 770, 0, 5700, 0, '2023-09-19', 4127),
(131, 771, 0, 6000, 0, '2023-09-19', 4128),
(131, 772, 0, 1000, 0, '2023-09-19', 4129),
(131, 773, 0, 6700, 0, '2023-09-19', 4130),
(132, 1249, 0, 2279.78, 0, '2023-09-19', 4131),
(132, 1250, 0, 1838.22, 0, '2023-09-19', 4132),
(132, 1251, 0, 1838.22, 0, '2023-09-19', 4133),
(132, 1252, 0, 1838.22, 0, '2023-09-19', 4134),
(132, 1253, 0, 2163.93, 0, '2023-09-19', 4135),
(132, 1254, 0, 1838.22, 0, '2023-09-19', 4136),
(132, 1255, 0, 1838.22, 0, '2023-09-19', 4137),
(132, 1256, 0, 6481.2, 0, '2023-09-19', 4138),
(132, 1257, 0, 6481.2, 0, '2023-09-19', 4139),
(132, 1258, 0, 11400, 0, '2023-09-19', 4140),
(132, 1259, 0, 15200, 0, '2023-09-19', 4141),
(132, 1260, 0, 2458.43, 0, '2023-09-19', 4142),
(132, 1261, 0, 2543.21, 0, '2023-09-19', 4143),
(132, 1262, 0, 2346.85, 0, '2023-09-19', 4144),
(132, 1263, 0, 2619.03, 0, '2023-09-19', 4145),
(132, 1264, 0, 2875.02, 0, '2023-09-19', 4146),
(132, 1265, 0, 2875.02, 0, '2023-09-19', 4147),
(132, 1266, 0, 2664.63, 0, '2023-09-19', 4148),
(132, 1267, 0, 1035.09, 0, '2023-09-19', 4149),
(132, 1268, 0, 2257.21, 0, '2023-09-19', 4150),
(132, 1269, 0, 2083.61, 0, '2023-09-19', 4151),
(132, 1270, 0, 3158.87, 0, '2023-09-19', 4152),
(132, 1271, 0, 2893.92, 0, '2023-09-19', 4153),
(132, 1272, 0, 2471.77, 0, '2023-09-19', 4154),
(132, 1273, 0, 3007.18, 0, '2023-09-19', 4155),
(132, 1274, 0, 3199.06, 0, '2023-09-19', 4156),
(132, 1275, 0, 1070.83, 0, '2023-09-19', 4157),
(132, 1276, 0, 961.01, 0, '2023-09-19', 4158),
(132, 1277, 0, 1084.19, 0, '2023-09-19', 4159),
(132, 1278, 0, 2619.03, 0, '2023-09-19', 4160),
(132, 1279, 0, 4243.08, 0, '2023-09-19', 4161),
(132, 1280, 0, 4989.58, 0, '2023-09-19', 4162),
(132, 1281, 0, 2619.03, 0, '2023-09-19', 4163),
(132, 1282, 0, 2819.84, 0, '2023-09-19', 4164),
(132, 1283, 0, 1981, 0, '2023-09-19', 4165),
(132, 1284, 0, 1494.68, 0, '2023-09-19', 4166),
(132, 1285, 0, 1334.05, 0, '2023-09-19', 4167),
(132, 1286, 0, 12569.5, 0, '2023-09-19', 4168),
(132, 1287, 0, 6745.34, 0, '2023-09-19', 4169),
(132, 1288, 0, 3078.55, 0, '2023-09-19', 4170),
(132, 1289, 0, 2132.69, 0, '2023-09-19', 4171),
(132, 1290, 0, 2132.69, 0, '2023-09-19', 4172),
(132, 1291, 0, 2195.2, 0, '2023-09-19', 4173),
(132, 1292, 0, 4484.06, 0, '2023-09-19', 4174),
(132, 1293, 0, 6630.12, 0, '2023-09-19', 4175),
(132, 1294, 0, 4484.06, 0, '2023-09-19', 4176),
(132, 1295, 0, 6201.8, 0, '2023-09-19', 4177),
(133, 1249, 0, 2279.78, 0, '2023-09-19', 4178),
(133, 1250, 0, 1838.22, 0, '2023-09-19', 4179),
(133, 1251, 0, 1838.22, 0, '2023-09-19', 4180),
(133, 1252, 0, 1838.22, 0, '2023-09-19', 4181),
(133, 1253, 0, 2163.93, 0, '2023-09-19', 4182),
(133, 1254, 0, 1838.22, 0, '2023-09-19', 4183),
(133, 1255, 0, 1838.22, 0, '2023-09-19', 4184),
(133, 1256, 0, 6481.2, 0, '2023-09-19', 4185),
(133, 1257, 0, 6481.2, 0, '2023-09-19', 4186),
(133, 1258, 0, 11400, 0, '2023-09-19', 4187),
(133, 1259, 0, 15200, 0, '2023-09-19', 4188),
(133, 1260, 0, 2458.43, 0, '2023-09-19', 4189),
(133, 1261, 0, 2543.21, 0, '2023-09-19', 4190),
(133, 1262, 0, 2346.85, 0, '2023-09-19', 4191),
(133, 1263, 0, 2619.03, 0, '2023-09-19', 4192),
(133, 1264, 1, 2875.02, 2875.02, '2023-09-19', 4193),
(133, 1265, 1, 2875.02, 2875.02, '2023-09-19', 4194),
(133, 1266, 0, 2664.63, 0, '2023-09-19', 4195),
(133, 1267, 0, 1035.09, 0, '2023-09-19', 4196),
(133, 1268, 0, 2257.21, 0, '2023-09-19', 4197),
(133, 1269, 0, 2083.61, 0, '2023-09-19', 4198),
(133, 1270, 0, 3158.87, 0, '2023-09-19', 4199),
(133, 1271, 0, 2893.92, 0, '2023-09-19', 4200),
(133, 1272, 0, 2471.77, 0, '2023-09-19', 4201),
(133, 1273, 0, 3007.18, 0, '2023-09-19', 4202),
(133, 1274, 0, 3199.06, 0, '2023-09-19', 4203),
(133, 1275, 0, 1070.83, 0, '2023-09-19', 4204),
(133, 1276, 0, 961.01, 0, '2023-09-19', 4205),
(133, 1277, 0, 1084.19, 0, '2023-09-19', 4206),
(133, 1278, 0, 2619.03, 0, '2023-09-19', 4207),
(133, 1279, 0, 4243.08, 0, '2023-09-19', 4208),
(133, 1280, 0, 4989.58, 0, '2023-09-19', 4209),
(133, 1281, 0, 2619.03, 0, '2023-09-19', 4210),
(133, 1282, 2, 2819.84, 5639.68, '2023-09-19', 4211),
(133, 1283, 0, 1981, 0, '2023-09-19', 4212),
(133, 1284, 0, 1494.68, 0, '2023-09-19', 4213),
(133, 1285, 0, 1334.05, 0, '2023-09-19', 4214),
(133, 1286, 0, 12569.5, 0, '2023-09-19', 4215),
(133, 1287, 0, 6745.34, 0, '2023-09-19', 4216),
(133, 1288, 0, 3078.55, 0, '2023-09-19', 4217),
(133, 1289, 0, 2132.69, 0, '2023-09-19', 4218),
(133, 1290, 0, 2132.69, 0, '2023-09-19', 4219),
(133, 1291, 0, 2195.2, 0, '2023-09-19', 4220),
(133, 1292, 0, 4484.06, 0, '2023-09-19', 4221),
(133, 1293, 0, 6630.12, 0, '2023-09-19', 4222),
(133, 1294, 0, 4484.06, 0, '2023-09-19', 4223),
(133, 1295, 0, 6201.8, 0, '2023-09-19', 4224),
(134, 930, 1, 8635, 8635, '2023-09-19', 4228),
(135, 875, 0, 3103, 0, '2023-09-19', 4270),
(135, 876, 1, 3724, 3724, '2023-09-19', 4271),
(135, 877, 0, 6208, 0, '2023-09-19', 4272),
(135, 878, 0, 6208, 0, '2023-09-19', 4273),
(135, 879, 0, 6208, 0, '2023-09-19', 4274);
INSERT INTO `liq_items` (`id_liquidacion`, `id_itemos`, `cantidad`, `pu`, `importe`, `fecha_ult_modificacion`, `id_liqitem`) VALUES
(135, 927, 0, 0, 0, '2023-09-19', 4275),
(135, 880, 0, 7450, 0, '2023-09-19', 4276),
(135, 881, 0, 7884, 0, '2023-09-19', 4277),
(135, 882, 0, 7450, 0, '2023-09-19', 4278),
(135, 883, 1, 7884, 7884, '2023-09-19', 4279),
(135, 884, 0, 17381, 0, '2023-09-19', 4280),
(135, 885, 0, 22348, 0, '2023-09-19', 4281),
(135, 886, 0, 17734, 0, '2023-09-19', 4282),
(135, 887, 0, 6208, 0, '2023-09-19', 4283),
(135, 888, 0, 7450, 0, '2023-09-19', 4284),
(135, 889, 0, 3477, 0, '2023-09-19', 4285),
(135, 890, 0, 3477, 0, '2023-09-19', 4286),
(135, 891, 0, 3724, 0, '2023-09-19', 4287),
(135, 892, 0, 3474, 0, '2023-09-19', 4288),
(135, 893, 0, 3474, 0, '2023-09-19', 4289),
(135, 894, 0, 4345, 0, '2023-09-19', 4290),
(135, 895, 0, 14889, 0, '2023-09-19', 4291),
(135, 896, 0, 6208, 0, '2023-09-19', 4292),
(135, 897, 0, 9933, 0, '2023-09-19', 4293),
(135, 898, 0, 17381, 0, '2023-09-19', 4294),
(135, 899, 0, 6829, 0, '2023-09-19', 4295),
(135, 900, 0, 3103, 0, '2023-09-19', 4296),
(135, 901, 0, 3724, 0, '2023-09-19', 4297),
(135, 902, 0, 5586, 0, '2023-09-19', 4298),
(135, 903, 0, 7450, 0, '2023-09-19', 4299),
(135, 904, 0, 3724, 0, '2023-09-19', 4300),
(135, 925, 0, 0, 0, '2023-09-19', 4301),
(135, 905, 0, 1241, 0, '2023-09-19', 4302),
(135, 906, 0, 1490, 0, '2023-09-19', 4303),
(135, 907, 0, 2483, 0, '2023-09-19', 4304),
(135, 908, 0, 5214, 0, '2023-09-19', 4305),
(135, 909, 0, 7450, 0, '2023-09-19', 4306),
(135, 910, 0, 5959, 0, '2023-09-19', 4307),
(135, 911, 0, 5959, 0, '2023-09-19', 4308),
(135, 912, 0, 6208, 0, '2023-09-19', 4309),
(135, 913, 0, 6084, 0, '2023-09-19', 4310),
(135, 914, 0, 5339, 0, '2023-09-19', 4311),
(135, 915, 0, 4966, 0, '2023-09-19', 4312),
(135, 916, 0, 7139, 0, '2023-09-19', 4313),
(135, 917, 0, 15706, 0, '2023-09-19', 4314),
(135, 918, 0, 18624, 0, '2023-09-19', 4315),
(135, 919, 0, 12416, 0, '2023-09-19', 4316),
(135, 920, 0, 7450, 0, '2023-09-19', 4317),
(135, 921, 0, 5586, 0, '2023-09-19', 4318),
(135, 922, 0, 1862, 0, '2023-09-19', 4319),
(135, 923, 0, 3570, 0, '2023-09-19', 4320),
(135, 924, 0, 5961, 0, '2023-09-19', 4321),
(135, 926, 0, 0, 0, '2023-09-19', 4322),
(136, 1404, 0, 5043, 0, '2023-09-19', 4323),
(136, 1405, 0, 5476, 0, '2023-09-19', 4324),
(136, 1406, 2, 1500, 3000, '2023-09-19', 4325),
(136, 1407, 1, 9217, 9217, '2023-09-19', 4326),
(136, 1408, 0, 13415, 0, '2023-09-19', 4327),
(136, 1409, 0, 9891, 0, '2023-09-19', 4328),
(136, 1410, 0, 16371, 0, '2023-09-19', 4329),
(136, 1411, 0, 18258, 0, '2023-09-19', 4330),
(136, 1412, 0, 25803, 0, '2023-09-19', 4331),
(136, 1413, 0, 12388, 0, '2023-09-19', 4332),
(136, 1414, 0, 7428, 0, '2023-09-19', 4333),
(136, 1415, 0, 7595, 0, '2023-09-19', 4334),
(136, 1416, 0, 6735, 0, '2023-09-19', 4335),
(136, 1417, 0, 7216, 0, '2023-09-19', 4336),
(136, 1418, 0, 10877, 0, '2023-09-19', 4337),
(136, 1419, 0, 12388, 0, '2023-09-19', 4338),
(136, 1420, 0, 10877, 0, '2023-09-19', 4339),
(136, 1421, 1, 15015, 15015, '2023-09-19', 4340),
(136, 1422, 0, 11344, 0, '2023-09-19', 4341),
(136, 1423, 0, 14931, 0, '2023-09-19', 4342),
(136, 1424, 0, 2877, 0, '2023-09-19', 4343),
(136, 1425, 0, 3930, 0, '2023-09-19', 4344),
(136, 1426, 0, 10872, 0, '2023-09-19', 4345),
(136, 1427, 0, 16594, 0, '2023-09-19', 4346),
(136, 1428, 0, 11553, 0, '2023-09-19', 4347),
(136, 1429, 1, 9919, 9919, '2023-09-19', 4348),
(136, 1430, 0, 12594, 0, '2023-09-19', 4349),
(136, 1431, 0, 11244, 0, '2023-09-19', 4350),
(136, 1432, 0, 6666, 0, '2023-09-19', 4351),
(136, 1433, 0, 14127, 0, '2023-09-19', 4352),
(136, 1434, 0, 6168, 0, '2023-09-19', 4353),
(136, 1435, 0, 19873, 0, '2023-09-19', 4354),
(136, 1436, 0, 37884, 0, '2023-09-19', 4355),
(136, 1437, 0, 41353, 0, '2023-09-19', 4356),
(136, 1438, 0, 18258, 0, '2023-09-19', 4357);

-- --------------------------------------------------------

--
-- Estructura de tabla para la tabla `mensajes`
--

CREATE TABLE `mensajes` (
  `id_msj` int(11) NOT NULL,
  `mensaje` varchar(255) NOT NULL,
  `fecha` date NOT NULL,
  `id_usuario` int(11) NOT NULL,
  `tipo` varchar(10) NOT NULL,
  `duracion` int(11) NOT NULL
) ENGINE=InnoDB DEFAULT CHARSET=utf8 COLLATE=utf8_bin;

--
-- Volcado de datos para la tabla `mensajes`
--

INSERT INTO `mensajes` (`id_msj`, `mensaje`, `fecha`, `id_usuario`, `tipo`, `duracion`) VALUES
(130, 'Actualización de Aranceles COMEI PLAN 1010', '2023-09-11', 1, 'IMPORTANTE', 7),
(131, 'Actualización de Aranceles COMEI PLAN 2010', '2023-09-11', 1, 'IMPORTANTE', 7),
(132, 'Actualización de Aranceles JERARQUICOS SALUD', '2023-09-14', 1, 'IMPORTANTE', 7),
(133, 'Actualización de Aranceles FEDERADA SALUD', '2023-09-14', 1, 'IMPORTANTE', 7),
(134, 'Actualización de Aranceles FEDERADA SALUD', '2023-09-14', 1, 'IMPORTANTE', 7),
(135, 'Actualización de Aranceles FEDERADA SALUD', '2023-09-14', 1, 'IMPORTANTE', 7);

-- --------------------------------------------------------

--
-- Estructura de tabla para la tabla `os`
--

CREATE TABLE `os` (
  `id_os` int(11) NOT NULL,
  `os` varchar(100) NOT NULL,
  `fecha_ult_actu_precios` date DEFAULT NULL,
  `id_cliente` int(11) NOT NULL,
  `cuit` bigint(11) NOT NULL,
  `tipo_iva` int(11) NOT NULL,
  `direccion` varchar(100) NOT NULL,
  `localidad` varchar(100) NOT NULL
) ENGINE=InnoDB DEFAULT CHARSET=utf8 COLLATE=utf8_bin;

--
-- Volcado de datos para la tabla `os`
--

INSERT INTO `os` (`id_os`, `os`, `fecha_ult_actu_precios`, `id_cliente`, `cuit`, `tipo_iva`, `direccion`, `localidad`) VALUES
(4, 'IOMA', '2023-08-15', 2, 30709428914, 5, 'PARANA Nº 583 3B', 'CABA (1017) '),
(25, 'AMSTERDAM SALUD', '2023-08-21', 4, 30708930098, 1, 'JUJUY Nº 136', 'CIUDAD DE CORDOBA (5000)'),
(26, 'GALENO', '2023-08-29', 5, 30522428163, 1, 'DELLEPIANE ELV RAWSON 150', 'CABA ( 1017 )'),
(27, 'AMERICA SERVICIOS', '2023-08-23', 3, 30707668128, 1, 'ALB J. PAZ 1065 BIS 2º P OFICINA 30 ', 'ROSARIO (2000 )'),
(28, 'JERARQUICOS SALUD', '2023-09-14', 6, 30686955180, 5, 'AV FAC ZUVIRIA 458', 'SANTA FE'),
(29, 'LPF - OSPAT', '2023-09-01', 7, 30707808418, 1, 'GANDINI 128', 'JUNIN ( 6000 )'),
(30, 'AMEBPBA', '2023-09-01', 8, 30682356754, 1, 'CERRITO 866 7º P ', 'CAPITAL'),
(31, 'CASA', '2023-09-01', 2, 30709428914, 5, 'PARANA Nº 583 3B', 'CABA ( 1017 )'),
(32, 'COMEI PLAN 1010', '2023-09-11', 10, 30665692465, 1, 'CALLE 68 Nº 1651', 'LA PLATA ( 1900 )'),
(33, 'COMEI PLAN 2010', '2023-09-11', 10, 30665692465, 1, 'CALLE 68 Nº 1651', 'LA PLATA ( 1900 )'),
(34, 'AMFFA', '2023-08-17', 27, 30571014803, 5, 'DIAGONAL 75 Nº 350', 'LA PLATA ( 1900 )'),
(35, 'OSAM', '2023-07-29', 28, 30711418195, 5, 'ESTRADA 349', 'PERGAMINO (   2700 )'),
(36, 'OSECAC', '2023-08-11', 29, 30532288351, 1, 'MITRE 272', 'ROJAS ( 2705 )'),
(37, 'OSETYA', '2023-09-01', 30, 33633681819, 5, 'BENITO QUINQUELA MARTIN 1738', 'CABA ( 1433 )'),
(38, 'OSFATLYF', '2023-09-01', 8, 30682356754, 1, 'CERRITO 866 7º P ', 'CAPITAL'),
(39, 'OSPIP', '2023-09-07', 32, 30571766287, 5, 'AV PAVON 4175', '  CABA'),
(40, 'OSPSA', '2023-09-07', 33, 30679232106, 5, 'BENITO DE MIGUEL 239', 'JUNIN ( 6000 )'),
(41, 'SANCOR', '2023-09-01', 34, 30590354798, 5, 'SAN MARTIN 248 2322', ' SUNCHALES STA FE'),
(42, 'SWISS MEDICAL', '2023-09-01', 35, 30654855168, 1, 'ARENALES 1826', ' CAPITAL'),
(43, 'TV SALUD', '2023-09-01', 36, 30516748385, 5, 'QUINTINO BOCAYUVA 50', 'CABA ( 1181 )'),
(44, 'UOM', '2023-09-07', 37, 30673954401, 5, 'MORENO 2437', 'CASILDA ( 2170 )'),
(45, 'ESCRIBANOS', '2023-09-01', 38, 30618001020, 1, 'AV 13 Nº 770 B', 'LA PLATA ( 1900 ) '),
(46, 'FEDERADA SALUD', '2023-08-13', 39, 30541592608, 5, 'MORENO 1222', 'ROSARIO ( 2000 )'),
(47, 'OSPIM PLAN KRONOS 1', '2023-09-01', 40, 30681218285, 1, '19 DE MAYO 14', 'BAHIA BLANCA ( 8000 )'),
(48, 'OSPAT', '2023-09-07', 41, 30697468885, 1, 'GANDINI 128', 'JUNIN ( 6000 )'),
(49, 'OSDE PLAN 025', '2023-09-01', 42, 30546741253, 1, 'LEANDRO ALEM 1067 9º PISO ', 'CAP FEDERAL'),
(50, 'OSDE PLAN 110-210-310', '2023-09-01', 42, 30546741253, 1, 'LEANDRO ALEM 1067 9º PISO', 'CAP FEDERAL'),
(51, 'OSDE PLAN 410-450-510', '2023-09-01', 42, 30546741253, 1, 'LEANDRO ALEM 1067 9º PISO', ' CAP FEDERAL'),
(52, 'OSPIM PLAN KRONO 0 Y QUANTUM', '2023-09-01', 40, 30681218285, 1, '19 DE MAYO 14', 'BAHIA BLANCA ( 8000 ) ');

-- --------------------------------------------------------

--
-- Estructura de tabla para la tabla `prof_movimientos`
--

CREATE TABLE `prof_movimientos` (
  `id_mov` int(11) NOT NULL,
  `fecha` date NOT NULL,
  `importe` float NOT NULL,
  `tipo` int(11) NOT NULL,
  `estado` varchar(1) NOT NULL,
  `periodo` int(11) NOT NULL,
  `ubicacionP` varchar(1) NOT NULL,
  `id_os` int(11) NOT NULL,
  `id_liquidacion` int(11) NOT NULL,
  `id_mov_vta` int(11) NOT NULL,
  `id_profesional` int(11) NOT NULL,
  `detalle` varchar(100) NOT NULL,
  `origen` varchar(100) NOT NULL,
  `destino` varchar(100) NOT NULL
) ENGINE=InnoDB DEFAULT CHARSET=utf8 COLLATE=utf8_bin;

-- --------------------------------------------------------

--
-- Estructura de tabla para la tabla `prof_retenciones`
--

CREATE TABLE `prof_retenciones` (
  `id_retmes` int(11) NOT NULL,
  `retencion` varchar(50) NOT NULL,
  `valor` double NOT NULL,
  `tipo` varchar(1) NOT NULL COMMENT 'I -> Importe  P->Porcentaje ',
  `relacion_porcentaje` varchar(2) NOT NULL COMMENT 'FU ->Facturacion Usuario',
  `abreviatura` varchar(10) NOT NULL,
  `fecha_ult_actu` date DEFAULT current_timestamp()
) ENGINE=InnoDB DEFAULT CHARSET=utf8 COLLATE=utf8_bin;

--
-- Volcado de datos para la tabla `prof_retenciones`
--

INSERT INTO `prof_retenciones` (`id_retmes`, `retencion`, `valor`, `tipo`, `relacion_porcentaje`, `abreviatura`, `fecha_ult_actu`) VALUES
(1, 'Retención Círculo', 8, 'P', 'FU', 'Ret.Cir', '2023-09-14'),
(2, 'Cuota Círculo', 3000, 'I', '*', 'Cuota', '2023-09-14'),
(3, 'Seguro Mala Praxis', 1000, 'I', '*', 'Seg.MP', '2023-09-14'),
(4, 'Habitat', 988, 'I', '*', 'Habitat', '2023-09-14'),
(5, 'Extra Secretaria 1', 0, 'I', '*', 'Sec', '2023-09-14'),
(6, 'CiroSoft', 4537.5, 'I', '*', 'CiroSoft', '2023-09-14'),
(7, 'Retención Círculo Ioma', 5, 'P', 'PM', 'Ret Ioma', '2023-09-14');

-- --------------------------------------------------------

--
-- Estructura de tabla para la tabla `prof_retmes`
--

CREATE TABLE `prof_retmes` (
  `id_usuario_retmes` int(11) NOT NULL,
  `id_usuario` int(11) NOT NULL,
  `id_retmes` int(11) NOT NULL,
  `cantidad` double NOT NULL DEFAULT 0,
  `fecha_ult_actu` date DEFAULT current_timestamp()
) ENGINE=InnoDB DEFAULT CHARSET=utf8 COLLATE=utf8_bin;

--
-- Volcado de datos para la tabla `prof_retmes`
--

INSERT INTO `prof_retmes` (`id_usuario_retmes`, `id_usuario`, `id_retmes`, `cantidad`, `fecha_ult_actu`) VALUES
(293, 5, 1, 1, '2023-09-14'),
(294, 5, 2, 1, '2023-09-14'),
(295, 5, 3, 0, '2023-09-14'),
(296, 5, 4, 0, '2023-09-14'),
(297, 5, 5, 1, '2023-09-14'),
(298, 5, 6, 1, '2023-09-14'),
(299, 18, 1, 1, '2023-09-14'),
(300, 18, 2, 1, '2023-09-14'),
(301, 18, 3, 1, '2023-09-14'),
(302, 18, 4, 2, '2023-09-14'),
(303, 18, 5, 1, '2023-09-14'),
(304, 18, 6, 1, '2023-09-14'),
(305, 6, 1, 1, '2023-09-14'),
(306, 6, 2, 1, '2023-09-14'),
(307, 6, 3, 1, '2023-09-14'),
(308, 6, 4, 1, '2023-09-14'),
(309, 6, 5, 1, '2023-09-14'),
(310, 6, 6, 1, '2023-09-14'),
(311, 7, 1, 1, '2023-09-14'),
(312, 7, 2, 1, '2023-09-14'),
(313, 7, 3, 1, '2023-09-14'),
(314, 7, 4, 1, '2023-09-14'),
(315, 7, 5, 1, '2023-09-14'),
(316, 7, 6, 1, '2023-09-14'),
(317, 8, 1, 1, '2023-09-14'),
(318, 8, 2, 1, '2023-09-14'),
(319, 8, 3, 1, '2023-09-14'),
(320, 8, 4, 1, '2023-09-14'),
(321, 8, 5, 1, '2023-09-14'),
(322, 8, 6, 1, '2023-09-14'),
(323, 9, 1, 1, '2023-09-14'),
(324, 9, 2, 1, '2023-09-14'),
(325, 9, 3, 1, '2023-09-14'),
(326, 9, 4, 1, '2023-09-14'),
(327, 9, 5, 1, '2023-09-14'),
(328, 9, 6, 1, '2023-09-14'),
(329, 1, 1, 1, '2023-09-14'),
(330, 1, 2, 1, '2023-09-14'),
(331, 1, 3, 1, '2023-09-14'),
(332, 1, 4, 1, '2023-09-14'),
(333, 1, 5, 1, '2023-09-14'),
(334, 1, 6, 1, '2023-09-14'),
(335, 10, 1, 1, '2023-09-14'),
(336, 10, 2, 1, '2023-09-14'),
(337, 10, 3, 0, '2023-09-14'),
(338, 10, 4, 2, '2023-09-14'),
(339, 10, 5, 1, '2023-09-14'),
(340, 10, 6, 1, '2023-09-14'),
(341, 13, 1, 1, '2023-09-14'),
(342, 13, 2, 1, '2023-09-14'),
(343, 13, 3, 1, '2023-09-14'),
(344, 13, 4, 1, '2023-09-14'),
(345, 13, 5, 1, '2023-09-14'),
(346, 13, 6, 1, '2023-09-14'),
(347, 11, 1, 1, '2023-09-14'),
(348, 11, 2, 1, '2023-09-14'),
(349, 11, 3, 1, '2023-09-14'),
(350, 11, 4, 1, '2023-09-14'),
(351, 11, 5, 1, '2023-09-14'),
(352, 11, 6, 1, '2023-09-14'),
(353, 12, 1, 1, '2023-09-14'),
(354, 12, 2, 1, '2023-09-14'),
(355, 12, 3, 1, '2023-09-14'),
(356, 12, 4, 2, '2023-09-14'),
(357, 12, 5, 1, '2023-09-14'),
(358, 12, 6, 1, '2023-09-14'),
(359, 14, 1, 1, '2023-09-14'),
(360, 14, 2, 1, '2023-09-14'),
(361, 14, 3, 1, '2023-09-14'),
(362, 14, 4, 1, '2023-09-14'),
(363, 14, 5, 1, '2023-09-14'),
(364, 14, 6, 1, '2023-09-14'),
(365, 2, 1, 1, '2023-09-14'),
(366, 2, 2, 1, '2023-09-14'),
(367, 2, 3, 1, '2023-09-14'),
(368, 2, 4, 2, '2023-09-14'),
(369, 2, 5, 1, '2023-09-14'),
(370, 2, 6, 1, '2023-09-14'),
(371, 15, 1, 1, '2023-09-14'),
(372, 15, 2, 1, '2023-09-14'),
(373, 15, 3, 1, '2023-09-14'),
(374, 15, 4, 1, '2023-09-14'),
(375, 15, 5, 1, '2023-09-14'),
(376, 15, 6, 1, '2023-09-14'),
(377, 16, 1, 1, '2023-09-14'),
(378, 16, 2, 1, '2023-09-14'),
(379, 16, 3, 1, '2023-09-14'),
(380, 16, 4, 1, '2023-09-14'),
(381, 16, 5, 1, '2023-09-14'),
(382, 16, 6, 1, '2023-09-14'),
(383, 17, 1, 1, '2023-09-14'),
(384, 17, 2, 1, '2023-09-14'),
(385, 17, 3, 1, '2023-09-14'),
(386, 17, 4, 1, '2023-09-14'),
(387, 17, 5, 1, '2023-09-14'),
(388, 17, 6, 1, '2023-09-14'),
(389, 5, 7, 1, '2023-09-14'),
(390, 18, 7, 1, '2023-09-14'),
(391, 6, 7, 1, '2023-09-14'),
(392, 7, 7, 1, '2023-09-14'),
(393, 8, 7, 1, '2023-09-14'),
(394, 9, 7, 1, '2023-09-14'),
(395, 1, 7, 1, '2023-09-14'),
(396, 10, 7, 1, '2023-09-14'),
(397, 13, 7, 1, '2023-09-14'),
(398, 11, 7, 1, '2023-09-14'),
(399, 12, 7, 1, '2023-09-14'),
(400, 14, 7, 1, '2023-09-14'),
(401, 2, 7, 1, '2023-09-14'),
(402, 15, 7, 1, '2023-09-14'),
(403, 16, 7, 1, '2023-09-14'),
(404, 17, 7, 1, '2023-09-14');

-- --------------------------------------------------------

--
-- Estructura de tabla para la tabla `tipo_item`
--

CREATE TABLE `tipo_item` (
  `id_tipo_item` int(11) NOT NULL,
  `tipo_item` varchar(100) NOT NULL
) ENGINE=InnoDB DEFAULT CHARSET=utf8 COLLATE=utf8_bin;

--
-- Volcado de datos para la tabla `tipo_item`
--

INSERT INTO `tipo_item` (`id_tipo_item`, `tipo_item`) VALUES
(1, 'Consultas'),
(2, 'Operatoria Dental'),
(3, 'Endodoncia'),
(4, 'Odontopediatria'),
(5, 'Periodoncia'),
(6, 'Cirugía Bucal'),
(7, 'Protesís y Varios'),
(8, 'Radiografías');

-- --------------------------------------------------------

--
-- Estructura de tabla para la tabla `usuarios`
--

CREATE TABLE `usuarios` (
  `id_usuario` int(11) NOT NULL,
  `nombre` varchar(151) NOT NULL,
  `usuario` varchar(21) NOT NULL,
  `contraseña` varchar(255) NOT NULL,
  `tipo_usuario` varchar(1) NOT NULL COMMENT 'P profesional , C Ciruclo, A administrador',
  `estado` varchar(1) NOT NULL,
  `matricula` varchar(20) NOT NULL,
  `nombre_mostrar` varchar(100) NOT NULL,
  `id_cliente` int(11) NOT NULL
) ENGINE=InnoDB DEFAULT CHARSET=utf8 COLLATE=utf8_bin;

--
-- Volcado de datos para la tabla `usuarios`
--

INSERT INTO `usuarios` (`id_usuario`, `nombre`, `usuario`, `contraseña`, `tipo_usuario`, `estado`, `matricula`, `nombre_mostrar`, `id_cliente`) VALUES
(1, 'Dorigo Silvio Otto', '60805', '134acbe03e045066df8ca596126f14a5', 'P', 'A', 'M.P 60805', 'Silvio', 11),
(2, 'Musante Marcela', '11824', 'b90a5a52d929dd585eb76f9e7150dd44', 'P', 'A', 'M.P 11824', 'Marcela', 12),
(4, 'Claudio', 'Claudio', '609fa9f296deb72a26068dbd0264e21c', 'A', 'A', '', '', 0),
(5, 'Baldoma, María Marta', '60897', '768d46338de32d4edf67f2b6e9b371cf', 'P', 'A', 'M.P 60897', 'María Marta', 13),
(6, 'Boggia Osvaldo Mauricio', '60282', '36ac8e558ac7690b6f44e2cb5ef93322', 'P', 'A', 'M.P 60282', 'Mauricio', 14),
(7, 'Cichello Morena ', '61245', 'b59c67bf196a4758191e42f76670ceba', 'P', 'A', 'M.P 61245', 'Morena', 15),
(8, 'Corti Juan Diego ', '60720', '40569cf39d0ee1ada21d70ca198e780b', 'P', 'A', 'M.P 60720', 'Juan Diego', 16),
(9, 'Delbaldo Maria Jose ', '61099', '97ef7f4a6f519343cfcc3c26a3639178', 'P', 'A', 'M.P 61099', 'María José', 17),
(10, 'Fernandez Norma Beatriz ', '60345', '12fb63ba1566cb03484e1e5e290a73f4', 'P', 'A', 'M.P 60345', 'Norma', 18),
(11, 'Linera Laura Inés ', '60378', 'b59c67bf196a4758191e42f76670ceba', 'P', 'A', 'M.P 60378', 'Laura', 19),
(12, 'Lopez Sergio Martin', '61175', '5a6a425ada832d8286bfa12d5a0e0a2f', 'P', 'A', 'M.P 61175', 'Sergio', 20),
(13, 'Ginocchio Eliana Giselle ', '61190', 'b59c67bf196a4758191e42f76670ceba', 'P', 'A', 'M.P 61190', 'Eliana', 21),
(14, 'Mazzoni Nidia Fabiana ', '60539', 'a3788c8c64fd65c470e23e7534c3ebc8', 'P', 'A', 'M.P 60539', 'Fabiana', 22),
(15, 'Pajón Paula Judith', '60855', 'a2969cd1061256433be67f08baaca53f', 'P', 'A', 'M.P 60855', 'Paula', 23),
(16, 'Raposo Mario Enrique ', '60377', '5a01f0597ac4bdf35c24846734ee9a76', 'P', 'A', 'M.P 60377', 'Mario', 24),
(17, 'Zini Alicia Beatriz', '60415', '0609154fa35b3194026346c9cac2a248', 'P', 'A', 'M.P 60415', 'Alicia', 25),
(18, 'Boggia Agustina ', '61256', 'd68a18275455ae3eaa2c291eebb46e6d', 'P', 'A', 'M.P 61256', 'Agustina', 26),
(19, 'Ravagnan, Stella Maris', 'Stella', 'b59c67bf196a4758191e42f76670ceba', 'A', 'A', '0', 'Stella', 0),
(20, 'Loredana', 'Loredana', 'b59c67bf196a4758191e42f76670ceba', 'A', 'A', '0', 'Loredana', 0),
(21, 'Valentin(Soporte)', 'Valentin', '609fa9f296deb72a26068dbd0264e21c', 'P', 'A', '0000', 'Valentin(Soporte)', 1);

-- --------------------------------------------------------

--
-- Estructura de tabla para la tabla `vta_movimientos`
--

CREATE TABLE `vta_movimientos` (
  `id_vta` int(11) NOT NULL,
  `fecha` date NOT NULL,
  `tipo_movvta` int(11) NOT NULL,
  `id_cliente` int(11) NOT NULL,
  `total` double NOT NULL,
  `subtotal` double NOT NULL,
  `otros_concepto` double NOT NULL,
  `ubicacion_ctacte` varchar(1) NOT NULL,
  `estado` varchar(1) NOT NULL,
  `estado_pago` varchar(1) NOT NULL,
  `cae` varchar(50) NOT NULL,
  `fecha_vto_cae` date NOT NULL,
  `id_usuario_emision` int(11) NOT NULL,
  `fecha_hora_emision` timestamp NOT NULL DEFAULT current_timestamp() ON UPDATE current_timestamp(),
  `ubicacion_caja` varchar(1) NOT NULL,
  `cliente` varchar(150) NOT NULL,
  `sucursal` int(11) NOT NULL,
  `num_comprobante` int(11) NOT NULL,
  `letra` varchar(1) NOT NULL,
  `contado` varchar(1) NOT NULL,
  `periodo` int(11) NOT NULL
) ENGINE=InnoDB DEFAULT CHARSET=utf8 COLLATE=utf8_bin;

-- --------------------------------------------------------

--
-- Estructura de tabla para la tabla `vta_movimientos_detalle`
--

CREATE TABLE `vta_movimientos_detalle` (
  `id_mov_detalle` int(11) NOT NULL,
  `id_vta` int(11) NOT NULL,
  `renglon` int(11) NOT NULL,
  `id_liquidacion` int(11) NOT NULL,
  `id_producto` int(11) DEFAULT NULL,
  `detalle` varchar(150) DEFAULT NULL,
  `pu` double DEFAULT NULL,
  `cantidad` double DEFAULT NULL,
  `importe` double DEFAULT NULL,
  `tasa_iva` decimal(10,0) DEFAULT NULL
) ENGINE=InnoDB DEFAULT CHARSET=utf8 COLLATE=utf8_bin;

-- --------------------------------------------------------

--
-- Estructura de tabla para la tabla `vta_tipo_movimientos`
--

CREATE TABLE `vta_tipo_movimientos` (
  `id` int(11) NOT NULL,
  `sucursal` int(11) NOT NULL,
  `id_tipomov` int(11) NOT NULL,
  `Movimiento` varchar(90) NOT NULL,
  `ult_num_c` int(11) NOT NULL,
  `ubica_ctacte_cir` varchar(1) NOT NULL,
  `ubica_ctacte_prof` varchar(1) NOT NULL,
  `ubica_caja` varchar(1) NOT NULL,
  `abreviatura` varchar(10) NOT NULL
) ENGINE=InnoDB DEFAULT CHARSET=utf8 COLLATE=utf8_bin;

--
-- Volcado de datos para la tabla `vta_tipo_movimientos`
--

INSERT INTO `vta_tipo_movimientos` (`id`, `sucursal`, `id_tipomov`, `Movimiento`, `ult_num_c`, `ubica_ctacte_cir`, `ubica_ctacte_prof`, `ubica_caja`, `abreviatura`) VALUES
(1, 3, 1, 'Factura', 162, 'D', 'D', 'N', 'Fact.'),
(2, 3, 50, 'Recibo', 91, 'H', 'N', 'E', 'Rbo.'),
(3, 3, 201, 'Orden de Pago a Profesionales', 0, 'N', 'H', 'S', 'OP P'),
(4, 3, 500, 'Retenciones mensuales a profesionales', 186, 'N', 'H', 'E', 'Ret.Prof');

--
-- Índices para tablas volcadas
--

--
-- Indices de la tabla `clientes`
--
ALTER TABLE `clientes`
  ADD PRIMARY KEY (`id_cliente`);

--
-- Indices de la tabla `g0`
--
ALTER TABLE `g0`
  ADD PRIMARY KEY (`id`);

--
-- Indices de la tabla `items`
--
ALTER TABLE `items`
  ADD PRIMARY KEY (`id_item`);

--
-- Indices de la tabla `items_os`
--
ALTER TABLE `items_os`
  ADD PRIMARY KEY (`id_itemos`);

--
-- Indices de la tabla `liquidaciones`
--
ALTER TABLE `liquidaciones`
  ADD PRIMARY KEY (`id_liq`);

--
-- Indices de la tabla `liq_items`
--
ALTER TABLE `liq_items`
  ADD PRIMARY KEY (`id_liqitem`),
  ADD UNIQUE KEY `id_liquidacion` (`id_liquidacion`,`id_itemos`);

--
-- Indices de la tabla `mensajes`
--
ALTER TABLE `mensajes`
  ADD PRIMARY KEY (`id_msj`);

--
-- Indices de la tabla `os`
--
ALTER TABLE `os`
  ADD PRIMARY KEY (`id_os`);

--
-- Indices de la tabla `prof_movimientos`
--
ALTER TABLE `prof_movimientos`
  ADD PRIMARY KEY (`id_mov`);

--
-- Indices de la tabla `prof_retenciones`
--
ALTER TABLE `prof_retenciones`
  ADD PRIMARY KEY (`id_retmes`);

--
-- Indices de la tabla `prof_retmes`
--
ALTER TABLE `prof_retmes`
  ADD PRIMARY KEY (`id_usuario_retmes`);

--
-- Indices de la tabla `tipo_item`
--
ALTER TABLE `tipo_item`
  ADD PRIMARY KEY (`id_tipo_item`);

--
-- Indices de la tabla `usuarios`
--
ALTER TABLE `usuarios`
  ADD PRIMARY KEY (`id_usuario`);

--
-- Indices de la tabla `vta_movimientos`
--
ALTER TABLE `vta_movimientos`
  ADD PRIMARY KEY (`id_vta`);

--
-- Indices de la tabla `vta_movimientos_detalle`
--
ALTER TABLE `vta_movimientos_detalle`
  ADD PRIMARY KEY (`id_mov_detalle`);

--
-- Indices de la tabla `vta_tipo_movimientos`
--
ALTER TABLE `vta_tipo_movimientos`
  ADD PRIMARY KEY (`id`);

--
-- AUTO_INCREMENT de las tablas volcadas
--

--
-- AUTO_INCREMENT de la tabla `clientes`
--
ALTER TABLE `clientes`
  MODIFY `id_cliente` int(11) NOT NULL AUTO_INCREMENT, AUTO_INCREMENT=43;

--
-- AUTO_INCREMENT de la tabla `g0`
--
ALTER TABLE `g0`
  MODIFY `id` int(11) NOT NULL AUTO_INCREMENT, AUTO_INCREMENT=2;

--
-- AUTO_INCREMENT de la tabla `items`
--
ALTER TABLE `items`
  MODIFY `id_item` int(11) NOT NULL AUTO_INCREMENT, AUTO_INCREMENT=122;

--
-- AUTO_INCREMENT de la tabla `items_os`
--
ALTER TABLE `items_os`
  MODIFY `id_itemos` int(11) NOT NULL AUTO_INCREMENT, AUTO_INCREMENT=1524;

--
-- AUTO_INCREMENT de la tabla `liquidaciones`
--
ALTER TABLE `liquidaciones`
  MODIFY `id_liq` int(11) NOT NULL AUTO_INCREMENT, AUTO_INCREMENT=137;

--
-- AUTO_INCREMENT de la tabla `liq_items`
--
ALTER TABLE `liq_items`
  MODIFY `id_liqitem` int(11) NOT NULL AUTO_INCREMENT, AUTO_INCREMENT=4358;

--
-- AUTO_INCREMENT de la tabla `mensajes`
--
ALTER TABLE `mensajes`
  MODIFY `id_msj` int(11) NOT NULL AUTO_INCREMENT, AUTO_INCREMENT=136;

--
-- AUTO_INCREMENT de la tabla `os`
--
ALTER TABLE `os`
  MODIFY `id_os` int(11) NOT NULL AUTO_INCREMENT, AUTO_INCREMENT=54;

--
-- AUTO_INCREMENT de la tabla `prof_movimientos`
--
ALTER TABLE `prof_movimientos`
  MODIFY `id_mov` int(11) NOT NULL AUTO_INCREMENT, AUTO_INCREMENT=98;

--
-- AUTO_INCREMENT de la tabla `prof_retenciones`
--
ALTER TABLE `prof_retenciones`
  MODIFY `id_retmes` int(11) NOT NULL AUTO_INCREMENT, AUTO_INCREMENT=8;

--
-- AUTO_INCREMENT de la tabla `prof_retmes`
--
ALTER TABLE `prof_retmes`
  MODIFY `id_usuario_retmes` int(11) NOT NULL AUTO_INCREMENT, AUTO_INCREMENT=405;

--
-- AUTO_INCREMENT de la tabla `tipo_item`
--
ALTER TABLE `tipo_item`
  MODIFY `id_tipo_item` int(11) NOT NULL AUTO_INCREMENT, AUTO_INCREMENT=9;

--
-- AUTO_INCREMENT de la tabla `usuarios`
--
ALTER TABLE `usuarios`
  MODIFY `id_usuario` int(11) NOT NULL AUTO_INCREMENT, AUTO_INCREMENT=22;

--
-- AUTO_INCREMENT de la tabla `vta_movimientos`
--
ALTER TABLE `vta_movimientos`
  MODIFY `id_vta` int(11) NOT NULL AUTO_INCREMENT, AUTO_INCREMENT=272;

--
-- AUTO_INCREMENT de la tabla `vta_movimientos_detalle`
--
ALTER TABLE `vta_movimientos_detalle`
  MODIFY `id_mov_detalle` int(11) NOT NULL AUTO_INCREMENT, AUTO_INCREMENT=593;

--
-- AUTO_INCREMENT de la tabla `vta_tipo_movimientos`
--
ALTER TABLE `vta_tipo_movimientos`
  MODIFY `id` int(11) NOT NULL AUTO_INCREMENT, AUTO_INCREMENT=5;
COMMIT;

/*!40101 SET CHARACTER_SET_CLIENT=@OLD_CHARACTER_SET_CLIENT */;
/*!40101 SET CHARACTER_SET_RESULTS=@OLD_CHARACTER_SET_RESULTS */;
/*!40101 SET COLLATION_CONNECTION=@OLD_COLLATION_CONNECTION */;
